order_book_id,date,limit_up,num_trades,close,high,volume,limit_down,open,low,total_turnover,turnover_rate
600581.XSHG,2016-01-04,35.9935,14810.0,29.4522,32.7394,10138206.5851,29.4522,32.673,29.4522,229573089.0,3.2686
600581.XSHG,2016-01-05,32.4074,17479.0,29.1534,30.6476,13803238.7173,26.497,27.9248,27.2939,299339156.0,4.4502
600581.XSHG,2016-01-06,32.0754,25202.0,32.0754,32.0754,21880474.618,26.2314,29.3194,28.8877,505423808.0,7.0543
600581.XSHG,2016-01-07,35.2962,6534.0,28.8545,31.3781,4919789.2385,28.8545,31.3781,28.8545,108598899.0,1.5861
600581.XSHG,2016-01-08,31.7433,23738.0,30.6144,31.5773,19599821.5326,25.9658,29.9171,28.5557,444845254.0,6.319
600581.XSHG,2016-01-11,33.6692,23497.0,27.5596,30.2159,15310993.7516,27.5596,30.2159,27.5596,321910678.0,4.9363
600581.XSHG,2016-01-12,30.3155,14221.0,26.5302,27.46,9753052.5609,24.8036,26.8623,25.4013,190031901.0,3.1444
600581.XSHG,2016-01-13,29.1866,14716.0,25.6337,28.1572,10376401.8389,23.8739,26.3974,25.3017,209503940.0,3.3454
600581.XSHG,2016-01-14,28.1905,16258.0,26.331,26.8955,11295386.9626,23.077,25.1689,23.077,212766041.0,3.6416
600581.XSHG,2016-01-15,28.9541,16133.0,23.7079,25.999,10629641.3656,23.7079,25.5673,23.7079,195197097.0,3.427
600581.XSHG,2016-01-18,26.0654,16380.0,23.8407,24.5712,12577746.2121,21.3504,23.3094,21.5496,216171323.0,4.0551
600581.XSHG,2016-01-19,26.2314,14014.0,24.1727,24.87,9636388.3223,21.45,23.6083,23.243,171867786.0,3.1068
600581.XSHG,2016-01-20,26.5966,14908.0,23.4754,23.9071,9735901.4828,21.7488,23.6083,22.3465,169096668.0,3.1389
600581.XSHG,2016-01-21,25.8329,16669.0,22.8778,24.9032,14740068.5541,21.1179,23.5418,22.6785,262451313.0,4.7522
600581.XSHG,2016-01-22,25.1689,13714.0,23.1102,23.9071,11075303.5159,20.5867,23.4754,21.8816,189564027.0,3.5707
600581.XSHG,2016-01-25,25.4345,11367.0,23.1434,23.8407,9518421.3934,20.7859,23.5751,22.7117,164995281.0,3.0687
600581.XSHG,2016-01-26,25.4677,14828.0,21.5164,22.6785,13185721.3967,20.8191,22.5789,21.1179,212815797.0,4.2511
600581.XSHG,2016-01-27,23.6747,11314.0,21.6492,21.8816,9376619.1563,19.3581,21.5828,20.2546,148580160.0,3.023
600581.XSHG,2016-01-28,23.8075,12607.0,19.4909,21.948,11313538.0245,19.4909,21.7156,19.4909,174174703.0,3.6475
600581.XSHG,2016-01-29,21.45,12768.0,20.1218,20.7195,10881262.95,17.5319,18.9597,18.2624,158989168.0,3.5081
600581.XSHG,2016-02-01,0.0,0.0,20.1218,20.1218,0.0,0.0,20.1218,20.1218,0.0,0.0
600581.XSHG,2016-02-02,0.0,0.0,20.1218,20.1218,0.0,0.0,20.1218,20.1218,0.0,0.0
600581.XSHG,2016-02-03,0.0,0.0,20.1218,20.1218,0.0,0.0,20.1218,20.1218,0.0,0.0
600581.XSHG,2016-02-04,0.0,0.0,20.1218,20.1218,0.0,0.0,20.1218,20.1218,0.0,0.0
600581.XSHG,2016-02-05,0.0,0.0,20.1218,20.1218,0.0,0.0,20.1218,20.1218,0.0,0.0
600581.XSHG,2016-02-15,0.0,0.0,20.1218,20.1218,0.0,0.0,20.1218,20.1218,0.0,0.0
600581.XSHG,2016-02-16,0.0,0.0,20.1218,20.1218,0.0,0.0,20.1218,20.1218,0.0,0.0
600581.XSHG,2016-02-17,0.0,0.0,20.1218,20.1218,0.0,0.0,20.1218,20.1218,0.0,0.0
600581.XSHG,2016-02-18,0.0,0.0,20.1218,20.1218,0.0,0.0,20.1218,20.1218,0.0,0.0
600581.XSHG,2016-02-19,0.0,0.0,20.1218,20.1218,0.0,0.0,20.1218,20.1218,0.0,0.0
600581.XSHG,2016-02-22,0.0,0.0,20.1218,20.1218,0.0,0.0,20.1218,20.1218,0.0,0.0
600581.XSHG,2016-02-23,0.0,0.0,20.1218,20.1218,0.0,0.0,20.1218,20.1218,0.0,0.0
600581.XSHG,2016-02-24,0.0,0.0,20.1218,20.1218,0.0,0.0,20.1218,20.1218,0.0,0.0
600581.XSHG,2016-02-25,0.0,0.0,20.1218,20.1218,0.0,0.0,20.1218,20.1218,0.0,0.0
600581.XSHG,2016-02-26,0.0,0.0,20.1218,20.1218,0.0,0.0,20.1218,20.1218,0.0,0.0
600581.XSHG,2016-02-29,0.0,0.0,20.1218,20.1218,0.0,0.0,20.1218,20.1218,0.0,0.0
600581.XSHG,2016-03-01,0.0,0.0,20.1218,20.1218,0.0,0.0,20.1218,20.1218,0.0,0.0
600581.XSHG,2016-03-02,0.0,0.0,20.1218,20.1218,0.0,0.0,20.1218,20.1218,0.0,0.0
600581.XSHG,2016-03-03,0.0,0.0,20.1218,20.1218,0.0,0.0,20.1218,20.1218,0.0,0.0
600581.XSHG,2016-03-04,0.0,0.0,20.1218,20.1218,0.0,0.0,20.1218,20.1218,0.0,0.0
600581.XSHG,2016-03-07,0.0,0.0,20.1218,20.1218,0.0,0.0,20.1218,20.1218,0.0,0.0
600581.XSHG,2016-03-08,0.0,0.0,20.1218,20.1218,0.0,0.0,20.1218,20.1218,0.0,0.0
600581.XSHG,2016-03-09,0.0,0.0,20.1218,20.1218,0.0,0.0,20.1218,20.1218,0.0,0.0
600581.XSHG,2016-03-10,0.0,0.0,20.1218,20.1218,0.0,0.0,20.1218,20.1218,0.0,0.0
600581.XSHG,2016-03-11,0.0,0.0,20.1218,20.1218,0.0,0.0,20.1218,20.1218,0.0,0.0
600581.XSHG,2016-03-14,0.0,0.0,20.1218,20.1218,0.0,0.0,20.1218,20.1218,0.0,0.0
600581.XSHG,2016-03-15,0.0,0.0,20.1218,20.1218,0.0,0.0,20.1218,20.1218,0.0,0.0
600581.XSHG,2016-03-16,0.0,0.0,20.1218,20.1218,0.0,0.0,20.1218,20.1218,0.0,0.0
600581.XSHG,2016-03-17,0.0,0.0,20.1218,20.1218,0.0,0.0,20.1218,20.1218,0.0,0.0
600581.XSHG,2016-03-18,0.0,0.0,20.1218,20.1218,0.0,0.0,20.1218,20.1218,0.0,0.0
600581.XSHG,2016-03-21,0.0,0.0,20.1218,20.1218,0.0,0.0,20.1218,20.1218,0.0,0.0
600581.XSHG,2016-03-22,0.0,0.0,20.1218,20.1218,0.0,0.0,20.1218,20.1218,0.0,0.0
600581.XSHG,2016-03-23,0.0,0.0,20.1218,20.1218,0.0,0.0,20.1218,20.1218,0.0,0.0
600581.XSHG,2016-03-24,0.0,0.0,20.1218,20.1218,0.0,0.0,20.1218,20.1218,0.0,0.0
600581.XSHG,2016-03-25,0.0,0.0,20.1218,20.1218,0.0,0.0,20.1218,20.1218,0.0,0.0
600581.XSHG,2016-03-28,0.0,0.0,20.1218,20.1218,0.0,0.0,20.1218,20.1218,0.0,0.0
600581.XSHG,2016-03-29,0.0,0.0,20.1218,20.1218,0.0,0.0,20.1218,20.1218,0.0,0.0
600581.XSHG,2016-03-30,0.0,0.0,20.1218,20.1218,0.0,0.0,20.1218,20.1218,0.0,0.0
600581.XSHG,2016-03-31,0.0,0.0,20.1218,20.1218,0.0,0.0,20.1218,20.1218,0.0,0.0
600581.XSHG,2016-04-01,0.0,0.0,20.1218,20.1218,0.0,0.0,20.1218,20.1218,0.0,0.0
600581.XSHG,2016-04-05,0.0,0.0,20.1218,20.1218,0.0,0.0,20.1218,20.1218,0.0,0.0
600581.XSHG,2016-04-06,0.0,0.0,20.1218,20.1218,0.0,0.0,20.1218,20.1218,0.0,0.0
600581.XSHG,2016-04-07,0.0,0.0,20.1218,20.1218,0.0,0.0,20.1218,20.1218,0.0,0.0
600581.XSHG,2016-04-08,0.0,0.0,20.1218,20.1218,0.0,0.0,20.1218,20.1218,0.0,0.0
600581.XSHG,2016-04-11,0.0,0.0,20.1218,20.1218,0.0,0.0,20.1218,20.1218,0.0,0.0
600581.XSHG,2016-04-12,0.0,0.0,20.1218,20.1218,0.0,0.0,20.1218,20.1218,0.0,0.0
600581.XSHG,2016-04-13,0.0,0.0,20.1218,20.1218,0.0,0.0,20.1218,20.1218,0.0,0.0
600581.XSHG,2016-04-14,0.0,0.0,20.1218,20.1218,0.0,0.0,20.1218,20.1218,0.0,0.0
600581.XSHG,2016-04-15,0.0,0.0,20.1218,20.1218,0.0,0.0,20.1218,20.1218,0.0,0.0
600581.XSHG,2016-04-18,0.0,0.0,20.1218,20.1218,0.0,0.0,20.1218,20.1218,0.0,0.0
600581.XSHG,2016-04-19,0.0,0.0,20.1218,20.1218,0.0,0.0,20.1218,20.1218,0.0,0.0
600581.XSHG,2016-04-20,0.0,0.0,20.1218,20.1218,0.0,0.0,20.1218,20.1218,0.0,0.0
600581.XSHG,2016-04-21,0.0,0.0,20.1218,20.1218,0.0,0.0,20.1218,20.1218,0.0,0.0
600581.XSHG,2016-04-22,0.0,0.0,20.1218,20.1218,0.0,0.0,20.1218,20.1218,0.0,0.0
600581.XSHG,2016-04-25,0.0,0.0,20.1218,20.1218,0.0,0.0,20.1218,20.1218,0.0,0.0
600581.XSHG,2016-04-26,0.0,0.0,20.1218,20.1218,0.0,0.0,20.1218,20.1218,0.0,0.0
600581.XSHG,2016-04-27,0.0,0.0,20.1218,20.1218,0.0,0.0,20.1218,20.1218,0.0,0.0
600581.XSHG,2016-04-28,0.0,0.0,20.1218,20.1218,0.0,0.0,20.1218,20.1218,0.0,0.0
600581.XSHG,2016-04-29,0.0,0.0,20.1218,20.1218,0.0,0.0,20.1218,20.1218,0.0,0.0
600581.XSHG,2016-05-03,0.0,0.0,20.1218,20.1218,0.0,0.0,20.1218,20.1218,0.0,0.0
600581.XSHG,2016-05-04,0.0,0.0,20.1218,20.1218,0.0,0.0,20.1218,20.1218,0.0,0.0
600581.XSHG,2016-05-05,0.0,0.0,20.1218,20.1218,0.0,0.0,20.1218,20.1218,0.0,0.0
600581.XSHG,2016-05-06,0.0,0.0,20.1218,20.1218,0.0,0.0,20.1218,20.1218,0.0,0.0
600581.XSHG,2016-05-09,0.0,0.0,20.1218,20.1218,0.0,0.0,20.1218,20.1218,0.0,0.0
600581.XSHG,2016-05-10,0.0,0.0,20.1218,20.1218,0.0,0.0,20.1218,20.1218,0.0,0.0
600581.XSHG,2016-05-11,0.0,0.0,20.1218,20.1218,0.0,0.0,20.1218,20.1218,0.0,0.0
600581.XSHG,2016-05-12,0.0,0.0,20.1218,20.1218,0.0,0.0,20.1218,20.1218,0.0,0.0
600581.XSHG,2016-05-13,0.0,0.0,20.1218,20.1218,0.0,0.0,20.1218,20.1218,0.0,0.0
600581.XSHG,2016-05-16,0.0,0.0,20.1218,20.1218,0.0,0.0,20.1218,20.1218,0.0,0.0
600581.XSHG,2016-05-17,0.0,0.0,20.1218,20.1218,0.0,0.0,20.1218,20.1218,0.0,0.0
600581.XSHG,2016-05-18,0.0,0.0,20.1218,20.1218,0.0,0.0,20.1218,20.1218,0.0,0.0
600581.XSHG,2016-05-19,0.0,0.0,20.1218,20.1218,0.0,0.0,20.1218,20.1218,0.0,0.0
600581.XSHG,2016-05-20,0.0,0.0,20.1218,20.1218,0.0,0.0,20.1218,20.1218,0.0,0.0
600581.XSHG,2016-05-23,0.0,0.0,20.1218,20.1218,0.0,0.0,20.1218,20.1218,0.0,0.0
600581.XSHG,2016-05-24,0.0,0.0,20.1218,20.1218,0.0,0.0,20.1218,20.1218,0.0,0.0
600581.XSHG,2016-05-25,0.0,0.0,20.1218,20.1218,0.0,0.0,20.1218,20.1218,0.0,0.0
600581.XSHG,2016-05-26,0.0,0.0,20.1218,20.1218,0.0,0.0,20.1218,20.1218,0.0,0.0
600581.XSHG,2016-05-27,0.0,0.0,20.1218,20.1218,0.0,0.0,20.1218,20.1218,0.0,0.0
600581.XSHG,2016-05-30,0.0,0.0,20.1218,20.1218,0.0,0.0,20.1218,20.1218,0.0,0.0
600581.XSHG,2016-05-31,0.0,0.0,20.1218,20.1218,0.0,0.0,20.1218,20.1218,0.0,0.0
600581.XSHG,2016-06-01,0.0,0.0,20.1218,20.1218,0.0,0.0,20.1218,20.1218,0.0,0.0
600581.XSHG,2016-06-02,0.0,0.0,20.1218,20.1218,0.0,0.0,20.1218,20.1218,0.0,0.0
600581.XSHG,2016-06-03,0.0,0.0,20.1218,20.1218,0.0,0.0,20.1218,20.1218,0.0,0.0
600581.XSHG,2016-06-06,0.0,0.0,20.1218,20.1218,0.0,0.0,20.1218,20.1218,0.0,0.0
600581.XSHG,2016-06-07,0.0,0.0,20.1218,20.1218,0.0,0.0,20.1218,20.1218,0.0,0.0
600581.XSHG,2016-06-08,0.0,0.0,20.1218,20.1218,0.0,0.0,20.1218,20.1218,0.0,0.0
600581.XSHG,2016-06-13,0.0,0.0,20.1218,20.1218,0.0,0.0,20.1218,20.1218,0.0,0.0
600581.XSHG,2016-06-14,0.0,0.0,20.1218,20.1218,0.0,0.0,20.1218,20.1218,0.0,0.0
600581.XSHG,2016-06-15,0.0,0.0,20.1218,20.1218,0.0,0.0,20.1218,20.1218,0.0,0.0
600581.XSHG,2016-06-16,0.0,0.0,20.1218,20.1218,0.0,0.0,20.1218,20.1218,0.0,0.0
600581.XSHG,2016-06-17,0.0,0.0,20.1218,20.1218,0.0,0.0,20.1218,20.1218,0.0,0.0
600581.XSHG,2016-06-20,0.0,0.0,20.1218,20.1218,0.0,0.0,20.1218,20.1218,0.0,0.0
600581.XSHG,2016-06-21,0.0,0.0,20.1218,20.1218,0.0,0.0,20.1218,20.1218,0.0,0.0
600581.XSHG,2016-06-22,0.0,0.0,20.1218,20.1218,0.0,0.0,20.1218,20.1218,0.0,0.0
600581.XSHG,2016-06-23,0.0,0.0,20.1218,20.1218,0.0,0.0,20.1218,20.1218,0.0,0.0
600581.XSHG,2016-06-24,0.0,0.0,20.1218,20.1218,0.0,0.0,20.1218,20.1218,0.0,0.0
600581.XSHG,2016-06-27,0.0,0.0,20.1218,20.1218,0.0,0.0,20.1218,20.1218,0.0,0.0
600581.XSHG,2016-06-28,0.0,0.0,20.1218,20.1218,0.0,0.0,20.1218,20.1218,0.0,0.0
600581.XSHG,2016-06-29,0.0,0.0,20.1218,20.1218,0.0,0.0,20.1218,20.1218,0.0,0.0
600581.XSHG,2016-06-30,0.0,0.0,20.1218,20.1218,0.0,0.0,20.1218,20.1218,0.0,0.0
600581.XSHG,2016-07-01,0.0,0.0,20.1218,20.1218,0.0,0.0,20.1218,20.1218,0.0,0.0
600581.XSHG,2016-07-04,0.0,0.0,20.1218,20.1218,0.0,0.0,20.1218,20.1218,0.0,0.0
600581.XSHG,2016-07-05,21.1179,331.0,19.1257,19.1257,234354.7656,19.1257,19.1257,19.1257,3335616.0,0.0756
600581.XSHG,2016-07-06,20.0886,256.0,18.1628,18.1628,124401.0619,18.1628,18.1628,18.1628,1681478.0,0.0401
600581.XSHG,2016-07-07,19.0593,265.0,17.2662,17.2662,146820.7718,17.2662,17.2662,17.2662,1886560.0,0.0473
600581.XSHG,2016-07-08,18.1295,716.0,16.4029,16.4029,1203056.2031,16.4029,16.4029,16.4029,14685632.0,0.3879
600581.XSHG,2016-07-11,17.233,1522.0,15.5728,15.5728,2983399.7021,15.5728,15.5728,15.5728,34575149.0,0.9619
600581.XSHG,2016-07-12,16.3365,22968.0,14.8091,15.1412,35804398.9575,14.8091,14.8091,14.8091,395142800.0,11.5434
600581.XSHG,2016-07-13,15.5396,11569.0,14.8423,14.9087,18213360.3665,14.0786,14.7427,14.7095,200687560.0,5.872
600581.XSHG,2016-07-14,15.5728,6714.0,14.7759,14.9087,11140830.5815,14.1118,14.8423,14.7095,122699431.0,3.5918
600581.XSHG,2016-07-15,15.5064,6351.0,14.8423,14.9419,10427198.2647,14.0454,14.7759,14.7759,115283875.0,3.3617
600581.XSHG,2016-07-18,15.5728,5246.0,14.7427,14.8755,7985848.064,14.1118,14.8423,14.7095,87763639.0,2.5746
600581.XSHG,2016-07-19,15.4732,5828.0,14.6099,14.7427,7512410.9687,14.0122,14.7427,14.4439,81538111.0,2.422
600581.XSHG,2016-07-20,15.3404,3050.0,14.6099,14.6763,4123585.6158,13.8794,14.5767,14.5435,44813146.0,1.3294
600581.XSHG,2016-07-21,15.3404,3205.0,14.6099,14.6763,4673455.711,13.8794,14.5767,14.5767,50876225.0,1.5067
600581.XSHG,2016-07-22,15.3404,3104.0,14.5103,14.6431,4188310.9946,13.8794,14.5767,14.5103,45367594.0,1.3503
600581.XSHG,2016-07-25,15.2408,2527.0,14.5767,14.6099,3145866.5177,13.7798,14.5103,14.4771,34046518.0,1.0142
600581.XSHG,2016-07-26,15.3072,2375.0,14.6099,14.6431,4005914.9184,13.8462,14.5435,14.5103,43533724.0,1.2915
600581.XSHG,2016-07-27,15.3404,6699.0,13.9126,14.6431,9204006.4103,13.8794,14.6431,13.8794,97248439.0,2.9674
600581.XSHG,2016-07-28,14.6099,4165.0,13.6802,13.9458,5908957.3621,13.2153,13.9126,13.3149,60397602.0,1.9051
600581.XSHG,2016-07-29,14.3775,2424.0,13.647,13.7134,3471757.2358,12.9829,13.6802,13.5142,35133325.0,1.1193
600581.XSHG,2016-08-01,14.3443,2889.0,13.4145,13.6138,4370811.4802,12.9497,13.6138,13.3481,43668484.0,1.4092
600581.XSHG,2016-08-02,14.0786,2164.0,13.4809,13.5142,3587347.4327,12.7505,13.4145,13.3481,35832093.0,1.1566
600581.XSHG,2016-08-03,14.145,2101.0,13.4145,13.4477,3331242.7156,12.8169,13.4477,13.3149,33219567.0,1.074
600581.XSHG,2016-08-04,14.0786,4970.0,14.0786,14.0786,7968481.2872,12.7505,13.3813,13.3481,82375696.0,2.569
600581.XSHG,2016-08-05,14.7759,7292.0,14.2778,14.5435,9911139.844,13.3813,14.0786,13.979,105584156.0,3.1954
600581.XSHG,2016-08-08,15.0083,6547.0,14.7759,14.8755,9790875.0971,13.5806,14.2778,14.0786,106856461.0,3.1566
600581.XSHG,2016-08-09,15.5064,4487.0,14.5767,14.8423,6289559.0521,14.0454,14.8091,14.3775,68012882.0,2.0278
600581.XSHG,2016-08-10,15.3072,5667.0,14.7095,15.2076,7390340.0997,13.8462,14.5435,14.5103,81709315.0,2.3827
600581.XSHG,2016-08-11,15.44,3508.0,14.3111,14.6431,4550343.58,13.979,14.6431,14.3111,49028963.0,1.467
600581.XSHG,2016-08-12,15.0415,2124.0,14.4439,14.4771,2781417.5408,13.5806,14.3111,14.2778,29769820.0,0.8967
600581.XSHG,2016-08-15,15.1744,3863.0,14.6431,14.7759,6651232.6794,13.7134,14.5103,14.4107,72502472.0,2.1444
600581.XSHG,2016-08-16,15.3736,4815.0,15.0083,15.0415,7971945.4157,13.9126,14.6763,14.6099,87874714.0,2.5702
600581.XSHG,2016-08-17,15.772,5665.0,15.772,15.772,8644352.1756,14.2446,15.0083,14.8755,100500061.0,2.7869
600581.XSHG,2016-08-18,16.5689,5545.0,16.5689,16.5689,7593293.1074,14.9751,15.9381,15.8717,92779189.0,2.4481
600581.XSHG,2016-08-19,17.3991,13494.0,16.4693,17.2662,16537032.9902,15.7388,17.2662,16.0045,204335867.0,5.3316
600581.XSHG,2016-08-22,17.2994,6586.0,15.772,16.4361,8663226.8195,15.6392,16.4029,15.6392,103382172.0,2.793
600581.XSHG,2016-08-23,16.5689,4597.0,15.6724,16.0377,5469774.2651,14.9751,15.7388,15.4732,64231590.0,1.7635
600581.XSHG,2016-08-24,16.4693,4616.0,15.9049,16.3033,5846390.1839,14.8755,15.8052,15.6724,69643902.0,1.8849
600581.XSHG,2016-08-25,16.7018,4201.0,15.772,16.0377,5474390.1353,15.108,15.7388,15.5728,64277655.0,1.7649
600581.XSHG,2016-08-26,16.5689,2838.0,15.8717,16.0709,4409160.9201,14.9751,15.8385,15.772,52223921.0,1.4215
600581.XSHG,2016-08-29,16.6686,4432.0,15.44,15.9381,6837587.0079,15.0748,15.9381,15.274,79083180.0,2.2044
600581.XSHG,2016-08-30,16.2037,2204.0,15.5728,15.6724,3183682.1743,14.6763,15.4068,15.3736,36889805.0,1.0264
600581.XSHG,2016-08-31,16.3365,2152.0,15.6392,15.7056,3258466.4757,14.8091,15.6724,15.3736,37763410.0,1.0505
600581.XSHG,2016-09-01,16.4361,2614.0,15.5728,15.9049,4145288.6234,14.8423,15.6392,15.4732,48409271.0,1.3364
600581.XSHG,2016-09-02,16.3365,1640.0,15.6392,15.6392,2379706.925,14.8091,15.5396,15.5064,27582323.0,0.7672
600581.XSHG,2016-09-05,16.4361,2200.0,15.7056,15.8385,4019289.0443,14.8423,15.6724,15.5728,47017966.0,1.2958
600581.XSHG,2016-09-06,16.5025,2459.0,15.8717,15.9381,3869408.8319,14.9087,15.7056,15.6392,45497733.0,1.2475
600581.XSHG,2016-09-07,16.6686,2650.0,16.0377,16.0709,4509073.9122,15.0748,15.8717,15.8052,53401466.0,1.4537
600581.XSHG,2016-09-08,16.8346,6550.0,16.6686,16.8346,10101594.4703,15.2408,16.0045,15.9381,125547279.0,3.2568
600581.XSHG,2016-09-09,17.4987,6922.0,16.6022,17.1002,9764764.2288,15.8385,16.6686,16.4361,121788544.0,3.1482
600581.XSHG,2016-09-12,17.4323,6372.0,16.2701,17.1666,9512402.0655,15.772,16.2037,16.1373,117310685.0,3.0668
600581.XSHG,2016-09-13,17.1002,3015.0,16.1705,16.4693,4346319.7682,15.4732,16.2701,16.1041,52582629.0,1.4013
600581.XSHG,2016-09-14,16.9674,3932.0,16.5689,16.7682,5120457.783,15.3736,16.1041,16.0709,62865616.0,1.6508
600581.XSHG,2016-09-19,17.3991,5168.0,17.3991,17.3991,6757992.5861,15.7388,16.7682,16.7682,86855902.0,2.1788
600581.XSHG,2016-09-20,18.2624,8362.0,17.233,18.1628,9851021.837,16.5357,17.5983,17.1998,129525073.0,3.176
600581.XSHG,2016-09-21,18.0963,4811.0,17.5319,17.8639,5073122.6528,16.3697,17.233,17.1334,66035801.0,1.6356
600581.XSHG,2016-09-22,18.3952,6426.0,18.3952,18.3952,7444163.591,16.6686,17.5983,17.5319,99553186.0,2.4
600581.XSHG,2016-09-23,19.3249,10584.0,18.4616,19.2253,13542403.1987,17.4655,18.5944,18.0299,188185912.0,4.3661
600581.XSHG,2016-09-26,19.3913,7626.0,17.5319,18.7604,8934321.9859,17.5319,18.3288,17.5319,119471634.0,2.8804
600581.XSHG,2016-09-27,18.3952,6271.0,17.1998,17.4323,8761364.8504,16.6686,17.4323,16.735,111129080.0,2.8247
600581.XSHG,2016-09-28,18.0631,4069.0,17.4323,17.6647,5234667.1847,16.3365,17.1998,17.1334,67699626.0,1.6877
600581.XSHG,2016-09-29,18.2956,3541.0,17.1002,17.4655,4632685.8327,16.5689,17.3658,17.0338,59335171.0,1.4936
600581.XSHG,2016-09-30,17.9635,2942.0,17.4323,17.5319,4278262.9986,16.2369,17.2662,17.1002,55144004.0,1.3793
600581.XSHG,2016-10-10,18.2956,4167.0,17.6315,18.2624,7270397.0798,16.5689,17.9303,17.5983,96051827.0,2.344
600581.XSHG,2016-10-11,18.528,3457.0,17.6979,17.7311,4697571.0632,16.735,17.5983,17.3991,61413340.0,1.5145
600581.XSHG,2016-10-12,18.5944,4283.0,17.9967,18.2624,5340276.5637,16.8014,17.6979,17.5319,71396676.0,1.7217
600581.XSHG,2016-10-13,18.8932,4167.0,18.3288,18.5612,4928056.2031,17.1002,18.0299,17.8971,67110096.0,1.5888
600581.XSHG,2016-10-14,19.2585,3791.0,18.4284,18.7272,4634820.5614,17.3991,18.362,18.1295,63512056.0,1.4943
600581.XSHG,2016-10-17,19.3581,4295.0,17.8639,18.5944,5811304.5519,17.4987,18.2956,17.5983,78605680.0,1.8736
600581.XSHG,2016-10-18,18.7604,2856.0,18.0631,18.0963,3295297.9312,16.9674,17.7643,17.6315,43839800.0,1.0624
600581.XSHG,2016-10-19,18.9597,2085.0,18.0299,18.196,2825058.6797,17.1666,18.0963,17.9303,37951335.0,0.9108
600581.XSHG,2016-10-20,18.9265,2199.0,17.8307,18.1628,2814685.3147,17.1334,18.0299,17.8307,37517586.0,0.9075
600581.XSHG,2016-10-21,18.7272,2610.0,17.9303,18.1295,4276472.6593,16.9342,17.8971,17.7643,57017900.0,1.3787
600581.XSHG,2016-10-24,18.8268,3008.0,18.1628,18.196,4714934.6024,17.0338,17.8639,17.6647,62960521.0,1.5201
600581.XSHG,2016-10-25,19.0593,1955.0,18.1628,18.2292,2556397.3064,17.2662,18.1628,18.0299,34435457.0,0.8242
600581.XSHG,2016-10-26,19.0593,3492.0,18.3288,18.5612,5449064.3616,17.2662,18.0963,18.0299,74166295.0,1.7568
600581.XSHG,2016-10-27,19.2585,1830.0,18.2292,18.362,2773732.5175,17.3991,18.2956,18.196,37685071.0,0.8943
600581.XSHG,2016-10-28,19.1257,4028.0,17.5983,18.2956,6141943.8779,17.3326,18.2292,17.4987,81371297.0,1.9802
600581.XSHG,2016-10-31,18.4948,2210.0,17.4987,17.5983,3250573.4428,16.7018,17.4323,17.1998,42050107.0,1.048
600581.XSHG,2016-11-01,18.362,1692.0,17.6315,17.8307,2505824.2683,16.6354,17.4987,17.3991,32938094.0,0.8079
600581.XSHG,2016-11-02,18.528,1691.0,17.5983,17.7975,2512693.0361,16.735,17.6647,17.5651,33010377.0,0.8101
600581.XSHG,2016-11-03,18.4948,2580.0,17.5319,17.5983,4171154.2508,16.7018,17.5319,17.2994,54266524.0,1.3448
600581.XSHG,2016-11-04,18.3952,1886.0,17.4987,17.5983,2518349.7637,16.6686,17.5651,17.3991,32746871.0,0.8119
600581.XSHG,2016-11-07,18.362,2013.0,17.4987,17.5651,2324227.0461,16.6354,17.4987,17.2994,30151793.0,0.7493
600581.XSHG,2016-11-08,18.362,1871.0,17.6315,17.6979,2123122.6528,16.6354,17.5319,17.4323,27774481.0,0.6845
600581.XSHG,2016-11-09,18.528,5089.0,17.9967,18.3952,6828124.5953,16.735,17.6647,17.6315,91657066.0,2.2014
600581.XSHG,2016-11-10,18.8932,3091.0,18.1628,18.2956,3888386.6712,17.1002,18.2624,18.0631,52513556.0,1.2536
600581.XSHG,2016-11-11,19.0593,3385.0,18.3952,18.528,4781559.9909,17.2662,18.196,18.0631,65296937.0,1.5416
600581.XSHG,2016-11-14,19.3249,6952.0,19.2253,19.3249,9832055.7336,17.4655,18.4284,18.362,140225457.0,3.1699
600581.XSHG,2016-11-15,20.1882,3474.0,19.2585,19.5241,5355245.9693,18.2624,19.1257,18.8932,76597296.0,1.7265
600581.XSHG,2016-11-16,20.2214,2635.0,19.1921,19.2585,3594433.9226,18.2956,19.2585,18.9265,51047589.0,1.1588
600581.XSHG,2016-11-17,20.155,2477.0,19.2917,19.3913,3414884.8258,18.2292,19.1589,18.9265,48701686.0,1.101
600581.XSHG,2016-11-18,20.2546,2423.0,19.0925,19.4245,3845668.2207,18.3288,19.1921,18.9597,55039238.0,1.2398
600581.XSHG,2016-11-21,20.0554,2136.0,19.0593,19.2585,3182342.2527,18.1295,19.0925,18.9265,45126555.0,1.026
600581.XSHG,2016-11-22,20.0222,2563.0,19.1921,19.4245,4323574.6892,18.0963,19.0261,19.0261,61771730.0,1.3939
600581.XSHG,2016-11-23,20.155,2733.0,19.3913,19.5241,4535131.7664,18.2292,19.1921,19.0925,65028947.0,1.4621
600581.XSHG,2016-11-24,20.3542,2202.0,19.1589,19.4909,3716867.7966,18.4284,19.2917,18.9597,53302338.0,1.1983
600581.XSHG,2016-11-25,20.1218,5592.0,20.0886,20.0886,7268410.8715,18.196,19.1589,19.0925,106841582.0,2.3433
600581.XSHG,2016-11-28,21.0847,4649.0,20.2546,20.7195,6164923.6759,19.0925,19.9226,19.6569,92857871.0,1.9876
600581.XSHG,2016-11-29,21.284,4953.0,19.8562,20.8523,6580030.6753,19.2253,20.0554,19.8562,99869035.0,2.1214
600581.XSHG,2016-11-30,20.8523,4073.0,19.3913,19.823,5962742.0034,18.86,19.7898,19.2253,86316308.0,1.9224
600581.XSHG,2016-12-01,20.3542,2405.0,19.6569,19.7234,3630931.5106,18.4284,19.4245,19.2253,52529017.0,1.1706
600581.XSHG,2016-12-02,20.6531,4029.0,19.8562,20.4538,5631198.1999,18.6608,19.6569,19.5241,83822868.0,1.8155
600581.XSHG,2016-12-05,20.8523,3036.0,20.0554,20.321,4185572.0668,18.86,19.7234,19.3249,62309056.0,1.3494
600581.XSHG,2016-12-06,21.0515,2541.0,20.0222,20.2546,3265855.6721,19.0593,20.2214,19.7234,48455234.0,1.0529
600581.XSHG,2016-12-07,21.0183,3558.0,20.5867,20.7527,4441276.5475,19.0261,19.989,19.8894,67415983.0,1.4319
600581.XSHG,2016-12-08,21.616,2742.0,20.3874,20.7859,3470839.4037,19.5573,20.7195,20.2546,52806723.0,1.119
600581.XSHG,2016-12-09,21.4168,2675.0,20.2878,20.3874,3319529.8336,19.3581,19.9558,19.9558,49770818.0,1.0702
600581.XSHG,2016-12-12,21.3172,8445.0,20.2214,21.3172,12856309.8938,19.2585,21.3172,20.0886,199362841.0,4.1449
600581.XSHG,2016-12-13,21.2175,4349.0,20.0886,20.2546,5534578.9627,19.2253,19.989,19.2253,81214593.0,1.7844
600581.XSHG,2016-12-14,21.0847,3164.0,20.3542,20.6531,3770228.3249,19.0925,19.8894,19.7898,57302968.0,1.2155
600581.XSHG,2016-12-15,21.3836,2560.0,20.4538,20.5203,3544823.2323,19.3249,20.3542,20.0554,53611433.0,1.1429
600581.XSHG,2016-12-16,21.4832,1991.0,20.5535,20.7859,2438188.3741,19.4245,20.4206,20.2878,37214408.0,0.7861
600581.XSHG,2016-12-19,21.5828,1952.0,20.6531,20.9851,2249151.7742,19.5241,20.9851,20.5535,34631656.0,0.7251
600581.XSHG,2016-12-20,21.6824,2424.0,20.8523,21.0183,3210016.4303,19.6237,20.6199,20.5867,49584096.0,1.0349
600581.XSHG,2016-12-21,21.8816,1858.0,20.8523,21.0183,2696045.3898,19.823,20.9187,20.7527,41862504.0,0.8692
600581.XSHG,2016-12-22,21.8816,4805.0,21.7156,21.8816,6721997.6204,19.823,20.9187,20.8191,106882342.0,2.1672
600581.XSHG,2016-12-23,22.8114,4159.0,21.616,22.1141,5218557.7732,20.6199,21.5828,21.4168,84373793.0,1.6825
600581.XSHG,2016-12-26,22.7117,3269.0,22.1141,22.1805,4273294.2405,20.5203,21.5164,21.2175,68640495.0,1.3777
600581.XSHG,2016-12-27,23.2098,4821.0,22.3133,23.1766,5546981.4329,21.0183,21.9148,21.9148,92932110.0,1.7884
600581.XSHG,2016-12-28,23.4422,4183.0,21.9148,22.911,4643777.9235,21.1843,22.2469,21.6824,76904656.0,1.4972
600581.XSHG,2016-12-29,23.0106,2564.0,21.8484,22.1473,2854604.9437,20.8191,22.0477,21.6492,46456329.0,0.9203
600581.XSHG,2016-12-30,22.9442,2115.0,22.1141,22.1473,2617119.9171,20.7527,21.8484,21.6824,42728090.0,0.8438
600581.XSHG,2017-01-03,23.2098,4349.0,23.0106,23.1434,4780630.8275,21.0183,22.2137,22.1805,80810642.0,1.5413
600581.XSHG,2017-01-04,24.1727,5591.0,23.7079,24.0399,5514745.2085,21.8484,22.8778,22.8778,96812525.0,1.778
600581.XSHG,2017-01-05,24.9032,4936.0,23.3426,23.9735,5293136.4931,22.5125,23.7079,22.9774,92132940.0,1.7065
600581.XSHG,2017-01-06,24.5048,2706.0,23.5418,23.6747,2679294.9527,22.1805,23.1766,23.077,46835118.0,0.8638
600581.XSHG,2017-01-09,24.704,2222.0,23.5751,23.7079,2136169.3862,22.3797,23.5086,23.3426,37432771.0,0.6887
600581.XSHG,2017-01-10,24.7704,3748.0,22.9442,23.7411,4078324.1064,22.3797,23.4754,22.7117,70504342.0,1.3149
600581.XSHG,2017-01-11,24.1063,3160.0,22.4461,23.0106,3978740.1256,21.782,22.2469,22.2469,67120200.0,1.2828
600581.XSHG,2017-01-12,23.5751,5361.0,21.3172,22.5789,6352561.2697,21.3172,22.5457,21.3172,103001654.0,2.0481
600581.XSHG,2017-01-13,22.3797,4238.0,20.7195,21.5164,5495298.3359,20.2546,21.4832,20.4206,84998504.0,1.7717
600581.XSHG,2017-01-16,21.7488,3943.0,19.6901,20.7527,6147545.1632,19.6901,20.6199,19.6901,91864298.0,1.982
600581.XSHG,2017-01-17,20.6863,3852.0,19.9226,20.0886,5937660.2564,18.694,19.5573,18.7936,85645443.0,1.9143
600581.XSHG,2017-01-18,20.9187,3083.0,20.2546,20.6531,4997783.929,18.9265,19.823,19.6901,75345800.0,1.6113
600581.XSHG,2017-01-19,21.284,1387.0,20.155,20.4206,1756714.5817,19.2253,20.1882,20.0886,26468004.0,0.5664
600581.XSHG,2017-01-20,21.1511,1770.0,20.3542,20.4538,2443223.0963,19.1589,20.1882,20.0222,36890647.0,0.7877
600581.XSHG,2017-01-23,21.3836,2559.0,20.8523,21.1179,3224796.8467,19.3249,20.3542,20.321,49712332.0,1.0397
600581.XSHG,2017-01-24,21.8816,2049.0,21.0515,21.1843,2828984.5571,19.823,20.8523,20.7859,44269531.0,0.9121
600581.XSHG,2017-01-25,22.1141,1952.0,20.7859,21.2508,2731914.9022,19.989,20.9851,20.6863,42568441.0,0.8808
600581.XSHG,2017-01-26,21.8152,1621.0,21.0515,21.1843,2029943.6674,19.7566,20.8855,20.8523,31771487.0,0.6545
600581.XSHG,2017-02-03,22.1141,1706.0,20.6863,21.0847,1919054.73,19.989,20.8523,20.5203,29581577.0,0.6187
600581.XSHG,2017-02-06,21.7156,1650.0,20.5203,20.7859,1912401.2562,19.6569,20.7195,20.4871,29322899.0,0.6166
600581.XSHG,2017-02-07,21.5496,1562.0,20.6863,20.8855,2049899.2327,19.4909,20.5535,20.4871,31596552.0,0.6609
600581.XSHG,2017-02-08,21.7156,2759.0,21.4832,21.5164,3911880.8275,19.6569,20.7527,20.5867,61052129.0,1.2612
600581.XSHG,2017-02-09,22.5457,5206.0,22.4793,22.5457,7712540.0641,20.4206,21.8816,21.8816,128005566.0,2.4865
600581.XSHG,2017-02-10,23.6083,5788.0,22.7117,23.5086,8679532.0998,21.3504,22.7449,22.2801,147922251.0,2.7983
600581.XSHG,2017-02-13,23.8407,5867.0,23.1102,23.8407,10121784.3499,21.5828,23.8075,22.8446,176426937.0,3.2633
600581.XSHG,2017-02-14,24.2723,4456.0,23.4422,23.8075,7332335.7776,21.948,23.2762,22.9774,127492224.0,2.364
600581.XSHG,2017-02-15,24.6044,5255.0,22.2801,23.5418,8286759.8258,22.2801,23.5086,22.2801,140562601.0,2.6717
600581.XSHG,2017-02-16,23.409,4104.0,22.2137,22.6453,5601851.4472,21.1511,22.1141,22.0477,93089718.0,1.806
600581.XSHG,2017-02-17,23.3094,4090.0,21.8484,22.3465,5426034.787,21.1179,22.2801,21.5496,88150965.0,1.7494
600581.XSHG,2017-02-20,22.9442,3396.0,22.3797,22.5125,4202927.917,20.7527,21.9148,21.616,69694564.0,1.355
600581.XSHG,2017-02-21,23.5086,3405.0,22.7117,23.0438,4410317.1134,21.2508,22.4793,22.3797,74615489.0,1.4219
600581.XSHG,2017-02-22,23.8407,2069.0,22.7781,22.8778,3359129.3544,21.5828,22.8778,22.4793,56763939.0,1.083
600581.XSHG,2017-02-23,23.9071,2525.0,22.4461,22.8114,3209240.2389,21.6492,22.6121,22.1141,53796770.0,1.0347
600581.XSHG,2017-02-24,23.5751,2387.0,22.7781,22.8446,2961924.9385,21.3172,22.3797,22.0477,49394429.0,0.9549
600581.XSHG,2017-02-27,23.9071,2149.0,22.4129,23.1102,2869223.8895,21.6492,23.077,22.3465,48288857.0,0.925
600581.XSHG,2017-02-28,23.5418,1550.0,22.5125,22.6785,2008896.2542,21.284,22.3797,22.2801,33614173.0,0.6477
600581.XSHG,2017-03-01,23.6415,6896.0,23.6083,23.6415,10941137.7396,21.3836,22.4793,22.4793,190481063.0,3.5274
600581.XSHG,2017-03-02,24.8036,7025.0,23.7743,24.6708,10611927.7713,22.4129,23.7411,23.5751,191174867.0,3.4213
600581.XSHG,2017-03-03,24.9696,6288.0,23.6747,24.5712,6256182.4171,22.5789,23.7411,23.6083,111803461.0,2.017
600581.XSHG,2017-03-06,24.87,5690.0,24.87,24.87,9053715.035,22.4793,23.7743,23.7743,165061441.0,2.9189
600581.XSHG,2017-03-07,26.0986,7829.0,25.6337,26.0986,12526308.7607,23.6415,25.2353,25.0692,241065460.0,4.0385
600581.XSHG,2017-03-08,26.9287,5170.0,25.8329,26.3642,6200904.4775,24.3388,25.5341,25.2685,118692612.0,1.9992
600581.XSHG,2017-03-09,27.1279,7545.0,26.8623,27.1279,11661177.8846,24.538,26.1318,25.7333,232067094.0,3.7596
600581.XSHG,2017-03-10,28.1905,5908.0,26.8955,27.3935,7320689.6691,25.5341,27.1279,26.3642,146390911.0,2.3602
600581.XSHG,2017-03-13,28.2569,4731.0,26.5302,27.4932,5995404.7688,25.5341,27.4268,26.4306,119448337.0,1.9329
600581.XSHG,2017-03-14,27.8584,5941.0,25.8661,27.0615,8551785.0783,25.2021,26.7295,25.5673,166954214.0,2.7571
600581.XSHG,2017-03-15,27.1611,5178.0,26.8291,27.1611,8526421.2639,24.5712,25.6669,25.6337,168410877.0,2.7489
600581.XSHG,2017-03-16,28.1572,5847.0,27.8584,28.0908,8244222.2708,25.5009,26.9619,26.6298,167551467.0,2.6579
600581.XSHG,2017-03-17,29.253,5810.0,27.8252,28.8213,7011239.8019,26.4638,28.2237,27.7256,147119294.0,2.2604
600581.XSHG,2017-03-20,29.2198,5855.0,29.2198,29.2198,7927553.5807,26.4306,28.2237,28.0576,169403701.0,2.5559
600581.XSHG,2017-03-21,30.6808,10355.0,29.8507,30.6808,12269380.5038,27.7588,29.4854,28.7217,272226392.0,3.9557
600581.XSHG,2017-03-22,31.3449,6942.0,30.0831,30.8136,7763085.1787,28.3565,29.7178,29.3858,174168442.0,2.5028
600581.XSHG,2017-03-23,31.5773,6099.0,29.6182,30.1827,6264358.7315,28.5889,29.8839,29.1534,137865150.0,2.0196
600581.XSHG,2017-03-24,31.1124,5983.0,29.253,30.2823,6582848.5172,28.124,29.4854,28.5557,144413446.0,2.1223
600581.XSHG,2017-03-27,30.714,3576.0,29.1534,29.6846,4547032.0189,27.792,29.4854,28.7881,98717809.0,1.466
600581.XSHG,2017-03-28,30.6144,6565.0,30.6144,30.6144,8304317.2106,27.6924,29.2198,28.9541,185669988.0,2.6773
600581.XSHG,2017-03-29,32.1418,4608.0,30.4815,31.212,5666444.8977,29.087,30.88,30.3155,129256769.0,1.8269
600581.XSHG,2017-03-30,32.0089,7372.0,28.9541,30.6808,9045974.1647,28.9541,30.6808,28.9541,197593952.0,2.9164
600581.XSHG,2017-03-31,30.4151,5309.0,27.4932,29.3194,7004436.5935,27.4932,28.5889,27.4932,145730856.0,2.2582
600581.XSHG,2017-04-05,28.8545,5955.0,27.3935,27.8916,8662979.5552,26.1318,27.2275,26.5966,174651587.0,2.793
600581.XSHG,2017-04-06,28.7549,3077.0,27.2939,27.6924,4100670.9725,26.0322,27.3271,27.1943,83702430.0,1.3221
600581.XSHG,2017-04-07,28.6553,3768.0,26.9619,27.3935,5469953.9465,25.9326,27.2939,26.7959,109750234.0,1.7635
600581.XSHG,2017-04-10,28.3233,3144.0,28.3233,28.3233,7432299.3557,25.6005,28.3233,27.9248,156540252.0,2.3962
600581.XSHG,2017-04-11,29.7511,8140.0,28.2237,29.7178,12578146.4485,26.8955,28.7549,27.2275,268283646.0,4.0552
600581.XSHG,2017-04-12,29.6514,4619.0,28.6553,29.3526,5900413.591,26.8291,27.7256,27.7256,126319909.0,1.9023
600581.XSHG,2017-04-13,30.0831,3472.0,29.253,29.6514,4729721.4938,27.2275,28.8877,28.6553,103169114.0,1.5249
600581.XSHG,2017-04-14,30.714,4189.0,29.0538,29.9835,4407961.0205,27.792,29.1202,28.8877,96391324.0,1.4211
600581.XSHG,2017-04-17,30.5148,4354.0,27.5928,29.5518,7560614.5591,27.5928,28.9209,27.5928,157943649.0,2.4376
600581.XSHG,2017-04-18,28.9874,6583.0,26.1982,27.3271,9347923.5464,26.1982,26.9619,26.1982,184206009.0,3.0138
600581.XSHG,2017-04-19,27.4932,5110.0,24.9032,26.0986,7672640.2648,24.9032,26.0986,24.9032,143343058.0,2.4737
600581.XSHG,2017-04-20,26.165,4302.0,25.6337,26.0322,5187449.8187,23.6747,24.9364,24.9364,98066182.0,1.6724
600581.XSHG,2017-04-21,26.9287,4510.0,26.8291,26.8623,5218446.0794,24.3388,25.8994,25.6337,102140812.0,1.6824
600581.XSHG,2017-04-24,28.1572,3797.0,26.2314,26.8623,4788126.8616,25.5009,26.8291,25.5009,92825998.0,1.5437
600581.XSHG,2017-04-25,27.5596,4056.0,26.8291,27.2275,5279873.6564,24.9364,26.7295,25.7333,104507039.0,1.7022
600581.XSHG,2017-04-26,28.1572,2857.0,26.6298,27.2275,3055067.0973,25.5009,27.1611,26.4306,60753994.0,0.985
600581.XSHG,2017-04-27,27.958,4601.0,27.626,27.8252,5332849.3266,25.3017,26.6631,25.999,106915475.0,1.7193
600581.XSHG,2017-04-28,29.0206,5013.0,28.8213,28.8877,5939783.2492,26.2314,27.5928,27.5928,125758531.0,1.915
600581.XSHG,2017-05-02,0.0,0.0,28.8213,28.8213,0.0,0.0,28.8213,28.8213,0.0,0.0
600581.XSHG,2017-05-03,31.7101,13743.0,31.7101,31.7101,26860925.7641,25.9326,29.6514,29.4854,620668657.0,8.66
600581.XSHG,2017-05-04,34.8977,8862.0,34.8977,34.8977,19752572.601,28.5557,34.8977,33.2043,512200590.0,6.3683
600581.XSHG,2017-05-05,38.3842,66671.0,37.5873,38.3842,65212349.0514,31.4113,37.5209,35.9271,1822798340.0,21.0245
600581.XSHG,2017-05-08,41.3394,69737.0,33.9348,39.7123,57660623.8669,33.8352,37.0228,33.8352,1535259009.0,18.5899
600581.XSHG,2017-05-09,37.3216,53340.0,32.507,33.3371,47008065.0253,30.548,32.8058,30.548,1108739302.0,15.1555
600581.XSHG,2017-05-10,35.761,42586.0,29.9171,32.507,36439944.7196,29.253,32.0089,29.585,850685367.0,11.7483
600581.XSHG,2017-05-11,32.9055,47921.0,32.0754,32.4738,39886338.141,26.9287,29.0538,28.9541,910047876.0,12.8594
600581.XSHG,2017-05-12,35.2962,47046.0,30.9796,32.0754,35793558.5826,28.8545,31.5441,30.0167,829188104.0,11.5399
600581.XSHG,2017-05-15,34.0676,42524.0,29.8839,32.3742,30163493.9135,27.8916,31.7765,29.585,685626767.0,9.7247
600581.XSHG,2017-05-16,32.8723,40126.0,29.585,30.1495,31076281.6466,26.8955,30.1495,27.7256,663996436.0,10.019
600581.XSHG,2017-05-17,32.5402,53138.0,31.6769,31.7765,39993508.4013,26.6298,29.087,28.9209,911568064.0,12.894
600581.XSHG,2017-05-18,34.8313,40908.0,29.6514,31.1456,29272610.7226,28.5225,30.9132,29.5186,661559672.0,9.4375
600581.XSHG,2017-05-19,32.6066,25504.0,29.9171,30.7804,18049134.7773,26.6963,29.9171,29.6846,405439734.0,5.8191
600581.XSHG,2017-05-22,32.9055,44483.0,31.0128,31.9757,33709963.8209,26.9287,29.9503,29.9503,782244916.0,10.8681
600581.XSHG,2017-05-23,34.1008,38155.0,29.585,31.8429,27228258.547,27.9248,31.0128,29.253,618355549.0,8.7784
600581.XSHG,2017-05-24,32.5402,25992.0,28.9541,29.1534,21053064.7015,26.6298,28.4893,27.2607,445133690.0,6.7875
600581.XSHG,2017-05-25,31.8429,19301.0,29.1866,29.5186,15542465.9253,26.0654,28.8213,28.3565,335239833.0,5.0109
600581.XSHG,2017-05-26,32.1086,14357.0,28.7217,29.3526,13562722.983,26.2646,29.0538,28.5889,292356520.0,4.3726
600581.XSHG,2017-05-31,31.6105,21021.0,26.9287,29.1866,18701953.4285,25.8661,28.9541,26.7959,390993830.0,6.0295
600581.XSHG,2017-06-01,29.6182,14492.0,26.3642,26.8955,15481729.1505,24.2391,26.7959,26.0654,304267874.0,4.9913
600581.XSHG,2017-06-02,28.9874,11802.0,26.331,26.5966,10900480.3645,23.7411,26.1982,25.5673,211568724.0,3.5143
600581.XSHG,2017-06-05,28.9541,9236.0,26.3642,26.7959,9118457.8153,23.7079,26.4306,25.9658,178937472.0,2.9398
600581.XSHG,2017-06-06,28.9874,8239.0,26.3642,26.6298,7835129.7429,23.7411,26.1982,26.0986,153445804.0,2.5261
600581.XSHG,2017-06-07,28.9874,12300.0,27.0283,27.0615,13073935.2661,23.7411,26.3642,26.331,260272871.0,4.2151
600581.XSHG,2017-06-08,29.7178,16549.0,27.7256,28.1572,15516037.377,24.3388,26.9287,26.6963,316073453.0,5.0024
600581.XSHG,2017-06-09,30.5148,12135.0,27.3271,28.2901,10590669.111,24.9696,27.4932,27.2939,217884183.0,3.4144
600581.XSHG,2017-06-12,30.0499,11663.0,26.0986,27.1943,9772865.2713,24.6044,27.1611,26.0654,193170789.0,3.1508
600581.XSHG,2017-06-13,28.7217,9387.0,26.6963,26.9951,9709985.2694,23.4754,26.1982,26.0986,192628716.0,3.1305
600581.XSHG,2017-06-14,29.3526,12136.0,26.9287,27.3271,12363419.4509,24.0399,26.5966,26.2646,247497071.0,3.986
600581.XSHG,2017-06-15,29.6182,17871.0,28.0244,28.2237,16959593.5315,24.2391,26.7295,26.7295,349617120.0,5.4678
600581.XSHG,2017-06-16,30.8136,12078.0,27.6924,28.1905,11171993.5736,25.2353,27.9912,27.4932,231103463.0,3.6019
600581.XSHG,2017-06-19,30.4483,19774.0,30.4483,30.4483,19686666.3429,24.9364,27.3603,27.2939,425863765.0,6.347
600581.XSHG,2017-06-20,33.5031,58787.0,31.4445,32.9387,43570047.8341,27.3935,31.5441,30.88,1032610214.0,14.047
600581.XSHG,2017-06-21,34.5989,52781.0,32.0421,33.6028,36159469.697,28.2901,31.0792,30.5812,868550647.0,11.6579
600581.XSHG,2017-06-22,35.263,32056.0,30.548,31.7765,24412215.0997,28.8545,31.4777,30.4815,565540452.0,7.8705
600581.XSHG,2017-06-23,33.6028,22732.0,30.1827,31.1456,19396739.8342,27.4932,30.4815,29.3194,435393070.0,6.2535
600581.XSHG,2017-06-26,33.2043,29022.0,31.9757,32.4074,23173567.4048,27.1611,30.1827,29.8175,535559931.0,7.4712
600581.XSHG,2017-06-27,35.1634,35271.0,32.4738,33.2043,24511273.7956,28.7881,31.6769,31.5441,593651611.0,7.9025
600581.XSHG,2017-06-28,35.7278,44926.0,33.7024,34.8645,32090826.5346,29.2198,32.6066,32.6066,808092162.0,10.3461
600581.XSHG,2017-06-29,37.0892,28695.0,34.0344,34.3997,22817346.1377,30.3487,33.802,33.2707,574645197.0,7.3563
600581.XSHG,2017-06-30,37.4545,30003.0,33.4367,35.0637,20916607.5822,30.6476,34.0676,33.2707,533003099.0,6.7435
600581.XSHG,2017-07-03,36.7904,39425.0,36.7904,36.7904,31097828.04,30.0831,33.5031,33.5031,823404043.0,10.026
600581.XSHG,2017-07-04,40.476,39989.0,36.3919,37.4545,26281074.7701,33.1047,36.7904,35.3626,709505605.0,8.473
600581.XSHG,2017-07-05,40.0444,43234.0,37.6537,38.1185,28813275.7867,32.7394,36.5247,36.1595,799502877.0,9.2894
600581.XSHG,2017-07-06,41.4058,49929.0,40.3432,41.3061,33030990.5951,33.9016,37.5209,36.7904,962472000.0,10.6492
600581.XSHG,2017-07-07,44.3941,48724.0,42.8668,43.0328,27891166.4724,36.3255,39.8452,39.1811,847921756.0,8.9921
600581.XSHG,2017-07-10,47.1501,66991.0,46.5524,47.1501,46107254.4354,38.5834,42.9,42.0698,1555010592.0,14.865
600581.XSHG,2017-07-11,51.201,65497.0,43.4976,46.2536,40848214.1123,41.9038,45.8551,43.1988,1359641960.0,13.1695
600581.XSHG,2017-07-12,47.8474,56699.0,44.1285,44.6266,38313562.7104,39.1479,44.1617,41.4722,1231209521.0,12.3523
600581.XSHG,2017-07-13,48.5447,40579.0,43.6305,44.3609,26060647.7435,39.7123,43.7633,42.8003,846645193.0,8.402
600581.XSHG,2017-07-14,0.0,0.0,43.6305,43.6305,0.0,0.0,43.6305,43.6305,0.0,0.0
600581.XSHG,2017-07-17,0.0,0.0,43.6305,43.6305,0.0,0.0,43.6305,43.6305,0.0,0.0
600581.XSHG,2017-07-18,0.0,0.0,43.6305,43.6305,0.0,0.0,43.6305,43.6305,0.0,0.0
600581.XSHG,2017-07-19,0.0,0.0,43.6305,43.6305,0.0,0.0,43.6305,43.6305,0.0,0.0
600581.XSHG,2017-07-20,0.0,0.0,43.6305,43.6305,0.0,0.0,43.6305,43.6305,0.0,0.0
600581.XSHG,2017-07-21,0.0,0.0,43.6305,43.6305,0.0,0.0,43.6305,43.6305,0.0,0.0
600581.XSHG,2017-07-24,0.0,0.0,43.6305,43.6305,0.0,0.0,43.6305,43.6305,0.0,0.0
600581.XSHG,2017-07-25,0.0,0.0,43.6305,43.6305,0.0,0.0,43.6305,43.6305,0.0,0.0
600581.XSHG,2017-07-26,0.0,0.0,43.6305,43.6305,0.0,0.0,43.6305,43.6305,0.0,0.0
600581.XSHG,2017-07-27,0.0,0.0,43.6305,43.6305,0.0,0.0,43.6305,43.6305,0.0,0.0
600581.XSHG,2017-07-28,0.0,0.0,43.6305,43.6305,0.0,0.0,43.6305,43.6305,0.0,0.0
600581.XSHG,2017-07-31,0.0,0.0,43.6305,43.6305,0.0,0.0,43.6305,43.6305,0.0,0.0
600581.XSHG,2017-08-01,0.0,0.0,43.6305,43.6305,0.0,0.0,43.6305,43.6305,0.0,0.0
600581.XSHG,2017-08-02,0.0,0.0,43.6305,43.6305,0.0,0.0,43.6305,43.6305,0.0,0.0
600581.XSHG,2017-08-03,0.0,0.0,43.6305,43.6305,0.0,0.0,43.6305,43.6305,0.0,0.0
600581.XSHG,2017-08-04,0.0,0.0,43.6305,43.6305,0.0,0.0,43.6305,43.6305,0.0,0.0
600581.XSHG,2017-08-07,0.0,0.0,43.6305,43.6305,0.0,0.0,43.6305,43.6305,0.0,0.0
600581.XSHG,2017-08-08,0.0,0.0,43.6305,43.6305,0.0,0.0,43.6305,43.6305,0.0,0.0
600581.XSHG,2017-08-09,0.0,0.0,43.6305,43.6305,0.0,0.0,43.6305,43.6305,0.0,0.0
600581.XSHG,2017-08-10,0.0,0.0,43.6305,43.6305,0.0,0.0,43.6305,43.6305,0.0,0.0
600581.XSHG,2017-08-11,0.0,0.0,43.6305,43.6305,0.0,0.0,43.6305,43.6305,0.0,0.0
600581.XSHG,2017-08-14,0.0,0.0,43.6305,43.6305,0.0,0.0,43.6305,43.6305,0.0,0.0
600581.XSHG,2017-08-15,0.0,0.0,43.6305,43.6305,0.0,0.0,43.6305,43.6305,0.0,0.0
600581.XSHG,2017-08-16,0.0,0.0,43.6305,43.6305,0.0,0.0,43.6305,43.6305,0.0,0.0
600581.XSHG,2017-08-17,0.0,0.0,43.6305,43.6305,0.0,0.0,43.6305,43.6305,0.0,0.0
600581.XSHG,2017-08-18,0.0,0.0,43.6305,43.6305,0.0,0.0,43.6305,43.6305,0.0,0.0
600581.XSHG,2017-08-21,0.0,0.0,43.6305,43.6305,0.0,0.0,43.6305,43.6305,0.0,0.0
600581.XSHG,2017-08-22,0.0,0.0,43.6305,43.6305,0.0,0.0,43.6305,43.6305,0.0,0.0
600581.XSHG,2017-08-23,0.0,0.0,43.6305,43.6305,0.0,0.0,43.6305,43.6305,0.0,0.0
600581.XSHG,2017-08-24,0.0,0.0,43.6305,43.6305,0.0,0.0,43.6305,43.6305,0.0,0.0
600581.XSHG,2017-08-25,0.0,0.0,43.6305,43.6305,0.0,0.0,43.6305,43.6305,0.0,0.0
600581.XSHG,2017-08-28,0.0,0.0,43.6305,43.6305,0.0,0.0,43.6305,43.6305,0.0,0.0
600581.XSHG,2017-08-29,0.0,0.0,43.6305,43.6305,0.0,0.0,43.6305,43.6305,0.0,0.0
600581.XSHG,2017-08-30,0.0,0.0,43.6305,43.6305,0.0,0.0,43.6305,43.6305,0.0,0.0
600581.XSHG,2017-08-31,0.0,0.0,43.6305,43.6305,0.0,0.0,43.6305,43.6305,0.0,0.0
600581.XSHG,2017-09-01,0.0,0.0,43.6305,43.6305,0.0,0.0,43.6305,43.6305,0.0,0.0
600581.XSHG,2017-09-04,0.0,0.0,43.6305,43.6305,0.0,0.0,43.6305,43.6305,0.0,0.0
600581.XSHG,2017-09-05,0.0,0.0,43.6305,43.6305,0.0,0.0,43.6305,43.6305,0.0,0.0
600581.XSHG,2017-09-06,0.0,0.0,43.6305,43.6305,0.0,0.0,43.6305,43.6305,0.0,0.0
600581.XSHG,2017-09-07,0.0,0.0,43.6305,43.6305,0.0,0.0,43.6305,43.6305,0.0,0.0
600581.XSHG,2017-09-08,0.0,0.0,43.6305,43.6305,0.0,0.0,43.6305,43.6305,0.0,0.0
600581.XSHG,2017-09-11,0.0,0.0,43.6305,43.6305,0.0,0.0,43.6305,43.6305,0.0,0.0
600581.XSHG,2017-09-12,0.0,0.0,43.6305,43.6305,0.0,0.0,43.6305,43.6305,0.0,0.0
600581.XSHG,2017-09-13,0.0,0.0,43.6305,43.6305,0.0,0.0,43.6305,43.6305,0.0,0.0
600581.XSHG,2017-09-14,0.0,0.0,43.6305,43.6305,0.0,0.0,43.6305,43.6305,0.0,0.0
600581.XSHG,2017-09-15,0.0,0.0,43.6305,43.6305,0.0,0.0,43.6305,43.6305,0.0,0.0
600581.XSHG,2017-09-18,0.0,0.0,43.6305,43.6305,0.0,0.0,43.6305,43.6305,0.0,0.0
600581.XSHG,2017-09-19,0.0,0.0,43.6305,43.6305,0.0,0.0,43.6305,43.6305,0.0,0.0
600581.XSHG,2017-09-20,0.0,0.0,43.6305,43.6305,0.0,0.0,43.6305,43.6305,0.0,0.0
600581.XSHG,2017-09-21,0.0,0.0,43.6305,43.6305,0.0,0.0,43.6305,43.6305,0.0,0.0
600581.XSHG,2017-09-22,0.0,0.0,43.6305,43.6305,0.0,0.0,43.6305,43.6305,0.0,0.0
600581.XSHG,2017-09-25,0.0,0.0,43.6305,43.6305,0.0,0.0,43.6305,43.6305,0.0,0.0
600581.XSHG,2017-09-26,0.0,0.0,43.6305,43.6305,0.0,0.0,43.6305,43.6305,0.0,0.0
600581.XSHG,2017-09-27,0.0,0.0,43.6305,43.6305,0.0,0.0,43.6305,43.6305,0.0,0.0
600581.XSHG,2017-09-28,0.0,0.0,43.6305,43.6305,0.0,0.0,43.6305,43.6305,0.0,0.0
600581.XSHG,2017-09-29,0.0,0.0,43.6305,43.6305,0.0,0.0,43.6305,43.6305,0.0,0.0
600581.XSHG,2017-10-09,47.9802,2094.0,47.9802,47.9802,1270870.9693,39.2807,47.9802,47.9802,45378390.0,0.4097
600581.XSHG,2017-10-10,52.7948,59970.0,49.74,52.7948,48094205.2739,43.1656,52.7948,48.0134,1819439975.0,15.5056
600581.XSHG,2017-10-11,54.7207,44603.0,52.9941,54.4551,32581387.1892,44.7594,49.242,49.242,1269822477.0,10.5043
600581.XSHG,2017-10-12,58.3068,38454.0,53.4921,53.791,28622775.0259,47.6814,51.5331,50.1717,1102810678.0,9.228
600581.XSHG,2017-10-13,58.838,36756.0,50.703,53.6581,23114274.5565,48.1462,53.5917,50.5037,888612940.0,7.4521
600581.XSHG,2017-10-16,55.7832,29923.0,51.201,53.4257,18116355.8664,45.6227,51.4667,50.9022,702104969.0,5.8407
600581.XSHG,2017-10-17,56.3145,24435.0,50.5701,52.3632,15277952.603,46.0876,50.5037,49.9393,581389016.0,4.9256
600581.XSHG,2017-10-18,55.6172,34658.0,46.4528,50.9354,22550620.3866,45.5231,50.6366,46.2868,810323811.0,7.2703
600581.XSHG,2017-10-19,51.1014,22597.0,44.6598,45.8219,16337427.9656,41.8042,45.4235,43.7965,543801725.0,5.2672
600581.XSHG,2017-10-20,49.1424,22367.0,47.2829,47.781,16294322.2287,40.2104,44.7594,44.3609,560377555.0,5.2533
600581.XSHG,2017-10-23,51.9979,18721.0,45.7223,47.1833,11362372.5233,42.5679,46.4528,45.5895,391359617.0,3.6632
600581.XSHG,2017-10-24,50.3045,23238.0,46.5192,48.4783,15430792.298,41.1401,46.486,45.988,541411546.0,4.9749
600581.XSHG,2017-10-25,51.1678,25977.0,45.2575,46.9509,16006037.1342,41.8706,46.2868,44.6598,542426162.0,5.1604
600581.XSHG,2017-10-26,49.7732,23549.0,44.6266,45.4235,15450651.9522,40.7417,44.2945,43.398,510593320.0,4.9813
600581.XSHG,2017-10-27,49.076,21683.0,43.7301,45.0582,11904035.9525,40.1772,43.8297,43.5308,390999782.0,3.8379
600581.XSHG,2017-10-30,48.113,25334.0,40.1772,44.0953,17114088.4,39.3471,43.8297,40.0112,528489478.0,5.5176
600581.XSHG,2017-10-31,44.1949,14663.0,41.0405,41.3394,10412530.7563,36.1595,39.978,39.978,315189038.0,3.357
600581.XSHG,2017-11-01,45.1578,18795.0,40.7417,42.5679,12905487.9727,36.9232,41.6382,40.5425,400570575.0,4.1607
600581.XSHG,2017-11-02,44.8258,17940.0,41.1733,42.0698,11932936.7392,36.6575,41.3394,40.7749,367392279.0,3.8472
600581.XSHG,2017-11-03,45.2907,21900.0,39.0815,41.4058,13663224.3913,37.056,41.1401,38.5502,404025617.0,4.405
600581.XSHG,2017-11-06,42.9996,30319.0,42.9996,42.9996,23282808.4531,35.1634,40.0112,39.2807,715197781.0,7.5064
600581.XSHG,2017-11-07,47.3161,53575.0,46.7185,47.3161,36006625.1457,38.7162,43.1656,43.1656,1225820681.0,11.6086
600581.XSHG,2017-11-08,51.4003,44532.0,47.5818,48.113,23282605.7045,42.0366,46.0212,45.4899,811888902.0,7.5063
600581.XSHG,2017-11-09,52.33,44636.0,47.5154,50.1385,23333054.5034,42.8335,48.4119,47.1169,845223305.0,7.5226
600581.XSHG,2017-11-10,52.2636,33086.0,48.1462,48.6111,19231725.5083,42.7671,47.3493,46.3864,682057823.0,6.2003
600581.XSHG,2017-11-13,52.9609,46875.0,50.869,52.0643,27606320.8204,43.3316,48.0798,46.6188,1010368700.0,8.9003
600581.XSHG,2017-11-14,55.9492,49438.0,51.1678,54.123,25067945.4804,45.7887,51.3671,50.9022,977606845.0,8.0819
600581.XSHG,2017-11-15,56.2813,37618.0,48.3455,50.9022,19589058.0484,46.0544,49.8397,47.7146,717429605.0,6.3155
600581.XSHG,2017-11-16,53.1933,40437.0,51.1678,51.7987,21401821.5003,43.4976,48.8435,47.5154,792377704.0,6.9
600581.XSHG,2017-11-17,56.2813,34876.0,48.2791,51.0682,18233421.1506,46.0544,50.4041,46.6188,669253414.0,5.8785
600581.XSHG,2017-11-20,53.0937,36220.0,51.2674,51.4003,20101562.9047,43.4644,47.3493,45.5895,729480889.0,6.4808
600581.XSHG,2017-11-21,56.3809,37644.0,50.6698,52.662,20758595.1664,46.154,50.7694,50.1717,792080369.0,6.6926
600581.XSHG,2017-11-22,55.75,56773.0,53.9238,54.7207,31648386.914,45.5895,52.1308,51.4003,1250271563.0,10.2035
600581.XSHG,2017-11-23,59.3029,47892.0,51.1678,55.1855,25012600.7673,48.5447,53.6249,50.9354,992411809.0,8.0641
600581.XSHG,2017-11-24,56.2813,30860.0,51.0682,51.7323,15947125.5018,46.0544,49.8064,49.2088,600674160.0,5.1414
600581.XSHG,2017-11-27,56.1817,38087.0,49.6736,53.3593,19967119.1077,45.9548,52.164,49.5408,768470638.0,6.4374
600581.XSHG,2017-11-28,54.6543,53466.0,54.5215,54.6543,33706316.7735,44.693,48.9763,48.2458,1321276820.0,10.867
600581.XSHG,2017-11-29,59.967,62867.0,55.75,57.2442,39091019.9754,49.076,54.7207,53.9902,1611195339.0,12.603
600581.XSHG,2017-11-30,61.3283,53266.0,55.5176,57.9415,30223007.3168,50.1717,55.916,54.8535,1265472167.0,9.7439
600581.XSHG,2017-12-01,61.0627,40856.0,55.7168,56.1153,21553877.3148,49.9725,55.3516,53.2929,879695749.0,6.949
600581.XSHG,2017-12-04,61.2951,40411.0,53.5585,57.0782,19010633.1747,50.1385,56.7794,53.3925,779089985.0,6.129
600581.XSHG,2017-12-05,58.9044,43606.0,50.6698,54.3886,22633636.8493,48.2126,54.0566,48.8103,871911506.0,7.2971
600581.XSHG,2017-12-06,55.75,46865.0,48.9099,49.5076,26751257.3653,45.5895,49.1424,46.2204,957966551.0,8.6246
600581.XSHG,2017-12-07,53.791,33296.0,47.2497,49.5408,18258392.8225,44.0289,48.8103,47.1501,657277518.0,5.8865
600581.XSHG,2017-12-08,51.9647,37817.0,48.4451,48.6775,19955157.7473,42.5347,46.3864,45.7555,705942320.0,6.4336
600581.XSHG,2017-12-11,53.2929,27263.0,48.4119,48.6443,13955823.0543,43.5972,48.3455,47.5486,499816570.0,4.4994
600581.XSHG,2017-12-12,53.2597,42199.0,48.7439,50.6034,20829783.411,43.564,48.6775,48.1462,762720032.0,6.7155
600581.XSHG,2017-12-13,53.6249,28038.0,48.7439,49.076,13870120.6779,43.8629,47.6482,47.1833,496987437.0,4.4717
600581.XSHG,2017-12-14,53.6249,27173.0,48.8435,49.408,13831925.4241,43.8629,48.6443,48.0466,501475613.0,4.4594
600581.XSHG,2017-12-15,53.7246,31400.0,47.3825,48.6443,18632989.7533,43.9625,48.6443,46.4528,656918016.0,6.0073
600581.XSHG,2017-12-18,52.1308,28373.0,48.5447,48.7107,15198352.9202,42.6343,48.4451,47.3161,544348385.0,4.9
600581.XSHG,2017-12-19,53.3925,20692.0,47.9138,48.4119,10539128.4641,43.6969,48.2458,47.1501,374640914.0,3.3978
600581.XSHG,2017-12-20,52.6952,38480.0,44.7594,47.7478,18628318.8455,43.1324,47.615,44.1949,632304138.0,6.0058
600581.XSHG,2017-12-21,49.242,24109.0,45.3903,45.7555,12078805.6851,40.2768,44.4938,44.1949,406274453.0,3.8942
600581.XSHG,2017-12-22,49.9393,20121.0,45.3903,46.2536,11008885.7323,40.8413,45.6559,45.0914,374434827.0,3.5493
600581.XSHG,2017-12-25,49.9393,25674.0,43.066,44.7262,13140681.2516,40.8413,44.693,42.9332,425344466.0,4.2366
600581.XSHG,2017-12-26,47.3825,17406.0,43.4644,43.6305,10340998.1222,38.7494,43.2652,42.3355,331779742.0,3.3339
600581.XSHG,2017-12-27,47.8142,26243.0,43.7965,45.4567,14117053.1436,39.1147,43.2984,42.9996,464654421.0,4.5514
600581.XSHG,2017-12-28,48.1794,34420.0,45.5563,46.9509,20303912.5227,39.4135,43.2652,42.9996,678620999.0,6.546
600581.XSHG,2017-12-29,50.1053,21165.0,45.3571,46.0544,11698804.5519,41.0073,45.5231,44.693,394085250.0,3.7717
600581.XSHG,2018-01-02,49.9061,44875.0,48.2126,48.7771,23925170.7783,40.8081,45.5231,44.693,839421804.0,7.7135
600581.XSHG,2018-01-03,53.0273,47503.0,48.2791,49.7068,20918857.647,43.398,48.0466,47.4821,756263960.0,6.7443
600581.XSHG,2018-01-04,53.0937,42558.0,49.6072,51.3006,21523281.6952,43.4644,48.1462,47.3161,790370576.0,6.9391
600581.XSHG,2018-01-05,54.5547,36334.0,48.4119,50.3709,16310787.3608,44.6598,48.8103,48.1794,594853965.0,5.2586
600581.XSHG,2018-01-08,53.2597,39170.0,49.74,50.703,21604583.4952,43.564,47.9138,47.8806,797655932.0,6.9653
600581.XSHG,2018-01-09,54.7207,29416.0,48.8103,50.1385,14950198.7018,44.7594,49.8064,48.1794,544236658.0,4.82
600581.XSHG,2018-01-10,53.6914,35263.0,49.076,49.9725,17574232.307,43.9293,48.2126,47.6814,638801552.0,5.666
600581.XSHG,2018-01-11,53.9902,34367.0,46.6852,48.3455,17696665.3717,44.1617,48.1462,46.2536,621948735.0,5.7054
600581.XSHG,2018-01-12,51.3671,28476.0,46.486,48.1462,15457170.2603,42.0034,46.7185,45.7223,539589863.0,4.9834
600581.XSHG,2018-01-15,51.1346,30407.0,43.6637,45.5563,15494681.5916,41.8374,45.5231,43.1656,507562801.0,4.9955
600581.XSHG,2018-01-16,48.0466,18073.0,44.1285,44.4274,9841341.2976,39.3139,43.6637,43.4312,321944711.0,3.1729
600581.XSHG,2018-01-17,48.5447,30810.0,45.4567,45.988,16102346.3805,39.7123,44.0289,43.2984,537314706.0,5.1914
600581.XSHG,2018-01-18,50.0057,22249.0,45.7223,46.32,11926038.0245,40.9077,45.1911,44.8922,404732216.0,3.845
600581.XSHG,2018-01-19,50.3045,23674.0,46.5192,46.7517,12973087.0403,41.1401,45.4899,45.3571,445460203.0,4.1825
600581.XSHG,2018-01-22,51.1678,37790.0,48.4451,48.7439,20321235.9978,41.8706,46.8181,46.8181,727703644.0,6.5516
600581.XSHG,2018-01-23,53.2929,29928.0,47.947,48.0134,16442815.1709,43.5972,47.6814,46.6852,579219041.0,5.3012
600581.XSHG,2018-01-24,52.7284,37583.0,49.0095,49.2752,20793283.3948,43.1656,47.8142,47.5154,752208224.0,6.7038
600581.XSHG,2018-01-25,53.9238,33401.0,48.3787,49.408,14215540.0155,44.0953,49.076,47.8142,513872745.0,4.5831
600581.XSHG,2018-01-26,53.2265,19916.0,47.4157,48.0798,11058856.9995,43.5308,48.0798,46.8513,389880900.0,3.5654
600581.XSHG,2018-01-29,52.164,26918.0,47.3161,48.2791,17762872.7176,42.6675,47.615,46.9841,630265256.0,5.7268
600581.XSHG,2018-01-30,52.0643,22006.0,46.0876,46.9841,11639786.082,42.6011,46.9841,45.6891,401027099.0,3.7527
600581.XSHG,2018-01-31,50.703,19030.0,45.6227,46.9841,10634921.3287,41.4722,45.4567,45.1578,365455277.0,3.4287
600581.XSHG,2018-02-01,50.1717,32705.0,46.5524,48.3787,17822470.7006,41.0737,46.154,45.7887,626296017.0,5.746
600581.XSHG,2018-02-02,51.201,40243.0,48.6443,48.9763,21255651.0619,41.9038,46.32,43.9957,748869517.0,6.8528
600581.XSHG,2018-02-05,53.5253,55760.0,53.5253,53.5253,35504754.6782,43.7965,47.5486,47.1833,1368193399.0,11.4468
600581.XSHG,2018-02-06,58.8712,67434.0,52.496,55.916,37379810.9298,48.1794,52.7616,52.1972,1503310734.0,12.0513
600581.XSHG,2018-02-07,57.7423,57667.0,50.6698,56.0489,30529990.2066,47.2497,55.252,49.7732,1204181258.0,9.8429
600581.XSHG,2018-02-08,55.75,41428.0,51.9315,52.4628,23157676.5249,45.5895,49.9393,48.7439,872773617.0,7.4661
600581.XSHG,2018-02-09,57.1114,40326.0,47.4157,51.4667,22158396.4646,46.7517,49.8064,46.7517,803575173.0,7.1439
600581.XSHG,2018-02-12,52.164,26264.0,48.0134,48.113,14699031.9865,42.6675,46.9841,45.0582,512701409.0,4.739
600581.XSHG,2018-02-13,52.828,38070.0,50.7694,51.4667,21167613.2317,43.1988,48.3455,47.4821,782985479.0,6.8245
600581.XSHG,2018-02-14,55.8496,36736.0,52.7616,53.5585,19386912.3932,45.6891,50.4705,49.7732,747392717.0,6.2504
600581.XSHG,2018-02-22,58.0411,34593.0,54.0566,54.1894,18604425.6669,47.4821,53.0273,51.4999,728337122.0,5.9981
600581.XSHG,2018-02-23,59.4689,36907.0,53.5585,55.0527,20702186.9334,48.6443,53.2929,51.9315,821471003.0,6.6744
600581.XSHG,2018-02-26,58.9044,37752.0,55.1523,55.916,22832685.428,48.2126,54.7871,53.4589,930339184.0,7.3613
600581.XSHG,2018-02-27,60.6643,38017.0,52.2636,54.7871,18716508.029,49.6404,54.7871,51.9647,737167951.0,6.0342
600581.XSHG,2018-02-28,57.4766,26099.0,52.662,53.1933,14369525.7867,47.0505,51.1346,50.8026,559714309.0,4.6328
600581.XSHG,2018-03-01,57.9415,41458.0,55.252,55.7832,23476309.5701,47.3825,51.8983,51.5663,948723250.0,7.5688
600581.XSHG,2018-03-02,60.7639,29889.0,52.4628,54.0234,16304914.1252,49.74,53.7246,52.2968,643325891.0,5.2567
600581.XSHG,2018-03-05,57.7091,42336.0,49.0095,53.0273,20857852.9688,47.2165,52.5956,47.4821,778430543.0,6.7246
600581.XSHG,2018-03-06,53.9238,32320.0,51.035,51.2674,16507899.5079,44.0953,49.1756,48.3787,611226356.0,5.3222
600581.XSHG,2018-03-07,56.1485,26101.0,49.1756,50.869,11802936.4154,45.9215,50.3045,48.6775,436305985.0,3.8053
600581.XSHG,2018-03-08,54.0898,22047.0,48.8767,49.74,10275484.4114,44.2613,48.4119,47.8806,372773819.0,3.3128
600581.XSHG,2018-03-09,53.7578,35562.0,48.3123,48.6443,17369763.7432,43.9957,48.6443,46.9509,614998113.0,5.6
600581.XSHG,2018-03-12,53.1601,39066.0,50.2713,50.6366,19143425.4403,43.4976,47.8474,47.6814,705206131.0,6.1719
600581.XSHG,2018-03-13,0.0,0.0,50.2713,50.2713,0.0,0.0,50.2713,50.2713,0.0,0.0
600581.XSHG,2018-03-14,0.0,0.0,50.2713,50.2713,0.0,0.0,50.2713,50.2713,0.0,0.0
600581.XSHG,2018-03-15,0.0,0.0,50.2713,50.2713,0.0,0.0,50.2713,50.2713,0.0,0.0
600581.XSHG,2018-03-16,55.2852,45254.0,50.9354,53.0273,22058124.1097,45.2575,52.828,50.7694,852923749.0,7.1116
600581.XSHG,2018-03-19,56.0157,35210.0,48.7771,49.74,14501765.2486,45.8551,49.74,48.1462,526462484.0,4.6754
600581.XSHG,2018-03-20,53.6581,23392.0,49.1424,50.0057,10283238.6364,43.8961,47.781,47.5154,374905658.0,3.3153
600581.XSHG,2018-03-21,54.0566,26273.0,48.1794,49.9725,10798272.3873,44.2281,49.2752,47.947,393876346.0,3.4814
600581.XSHG,2018-03-22,52.9941,26687.0,46.652,48.6443,11072302.7551,43.3648,48.3123,46.4528,388267048.0,3.5697
600581.XSHG,2018-03-23,51.3338,30797.0,42.0034,45.1578,15377722.7402,42.0034,43.3316,42.0034,496073707.0,4.9578
600581.XSHG,2018-03-26,46.2204,26953.0,41.1401,41.2065,12496651.2076,37.8197,40.5092,39.2143,376277129.0,4.0289
600581.XSHG,2018-03-27,45.2575,33259.0,41.605,42.8335,12549322.1478,37.0228,42.3355,41.0073,391259756.0,4.0459
600581.XSHG,2018-03-28,45.7555,17791.0,40.9741,42.5347,8430047.2675,37.4545,40.0776,39.9116,259219727.0,2.7179
600581.XSHG,2018-03-29,45.0582,47418.0,43.8629,44.6598,20237537.636,36.89,41.5054,40.5092,643402098.0,6.5246
600581.XSHG,2018-03-30,48.2458,35337.0,43.4976,44.4274,14885909.9812,39.4799,43.1656,42.6011,479760508.0,4.7992
600581.XSHG,2018-04-02,47.8474,26956.0,43.232,44.7594,13778927.0914,39.1479,43.7633,42.9332,449722879.0,4.4423
600581.XSHG,2018-04-03,47.5486,26186.0,41.2397,42.4019,12855986.5482,38.9154,41.8374,40.6421,396552636.0,4.1448
600581.XSHG,2018-04-04,45.3571,23749.0,40.144,41.771,13497286.1629,37.1224,41.5718,39.812,410433777.0,4.3515
600581.XSHG,2018-04-09,44.1617,16469.0,40.5757,40.9409,9297995.9855,36.1263,39.8784,39.5463,279456036.0,2.9977
600581.XSHG,2018-04-10,44.6266,30036.0,42.5679,43.2984,15275534.9974,36.5247,41.2065,40.9077,481194930.0,4.9248
600581.XSHG,2018-04-11,46.8181,23018.0,42.6675,44.0953,12459700.3691,38.3178,43.8297,42.1695,396683118.0,4.017
600581.XSHG,2018-04-12,46.9509,15692.0,42.0698,42.6011,8694649.6212,38.4174,42.3687,41.7046,272443204.0,2.8032
600581.XSHG,2018-04-13,46.2868,14009.0,42.6675,42.8003,8661288.7691,37.8529,42.1695,42.1031,273794227.0,2.7924
600581.XSHG,2018-04-16,46.9509,24546.0,41.0737,42.9332,10708095.7815,38.4174,42.8335,40.5092,329401298.0,3.4523
600581.XSHG,2018-04-17,45.1911,20694.0,41.2729,42.1031,8462943.5379,36.9564,40.9409,40.3432,259952597.0,2.7285
600581.XSHG,2018-04-18,45.3903,22807.0,41.5054,42.3355,12136762.6586,37.1556,41.9038,40.6753,373407881.0,3.9129
600581.XSHG,2018-04-19,45.6559,24746.0,42.6011,42.7007,15487010.7323,37.3548,41.5718,41.0073,482379671.0,4.993
600581.XSHG,2018-04-20,46.8844,17644.0,40.5092,42.1694,6844992.3919,38.3841,42.1694,40.0443,209006239.0,2.2068
600581.XSHG,2018-04-23,44.5601,27581.0,39.0482,40.1107,13803487.398,36.4583,39.8451,37.388,396821776.0,4.4503
600581.XSHG,2018-04-24,42.9663,29406.0,40.1107,41.1733,14608527.9882,35.1301,39.6459,39.3802,439483125.0,4.7098
600581.XSHG,2018-04-25,44.0952,19633.0,39.2474,39.4466,9100258.5956,36.1262,39.3802,38.6497,264231142.0,2.9339
600581.XSHG,2018-04-26,43.1655,16212.0,38.3841,39.181,7803485.1722,35.3293,39.1146,38.1185,224124798.0,2.5159
600581.XSHG,2018-04-27,42.2358,15586.0,37.2552,38.9154,7041223.5334,34.5324,38.6497,37.0559,198657038.0,2.2701
600581.XSHG,2018-05-02,40.974,36994.0,33.5363,35.1965,18436454.6911,33.5363,34.5324,33.5363,466882673.0,5.9439
600581.XSHG,2018-05-03,36.9231,22720.0,33.4035,33.6691,9401527.2922,30.2159,33.2042,32.6066,231659085.0,3.0311
600581.XSHG,2018-05-04,36.7239,16019.0,32.3409,33.2707,6913432.8056,30.0831,33.2042,32.2081,168581072.0,2.2289
600581.XSHG,2018-05-07,35.595,17170.0,32.4073,32.6066,8558545.3898,29.0869,32.5402,31.9425,206024544.0,2.7593
600581.XSHG,2018-05-08,35.6614,18714.0,32.4738,33.1378,9354068.3275,29.1533,32.4073,32.2081,227270037.0,3.0158
600581.XSHG,2018-05-09,35.7278,20857.0,31.6769,32.4738,10601291.9661,29.2197,32.4073,31.3448,251019353.0,3.4179
600581.XSHG,2018-05-10,34.8645,21102.0,32.5402,32.8058,12510353.333,28.4892,32.0089,31.6104,300951566.0,4.0334
600581.XSHG,2018-05-11,35.7942,12422.0,32.2081,32.8058,7653664.449,29.2861,32.6066,32.0089,184267990.0,2.4676
600581.XSHG,2018-05-14,35.4621,12862.0,31.6104,32.2081,7388286.7133,29.0205,32.0753,31.3448,173981602.0,2.382
600581.XSHG,2018-05-15,34.7981,9881.0,31.8097,31.9425,6133258.8708,28.4228,31.7433,31.4112,144689669.0,1.9774
600581.XSHG,2018-05-16,34.9973,13442.0,31.212,31.6104,5811704.7883,28.6221,31.6104,31.0792,135447918.0,1.8737
600581.XSHG,2018-05-17,34.3332,10147.0,30.7471,31.212,5598784.7222,28.0908,31.212,30.6143,128347873.0,1.8051
600581.XSHG,2018-05-18,33.8019,9711.0,30.7471,30.7471,5520236.4187,27.6923,30.7471,30.2823,125435689.0,1.7797
600581.XSHG,2018-05-21,33.8019,13039.0,31.0792,31.8097,7616066.9192,27.6923,31.544,30.9464,177472335.0,2.4554
600581.XSHG,2018-05-22,34.2004,15001.0,31.544,31.6769,9662811.6097,27.958,30.88,30.4815,223503968.0,3.1153
600581.XSHG,2018-05-23,34.7316,11135.0,30.6143,31.2784,5979074.8025,28.4228,31.212,30.5479,137099686.0,1.9277
600581.XSHG,2018-05-24,33.6691,6808.0,30.5479,30.7471,3711473.7115,27.5595,30.6143,30.4151,84357503.0,1.1966
600581.XSHG,2018-05-25,33.6027,12704.0,29.4854,30.6143,6926162.6684,27.4931,30.4815,29.3526,154071768.0,2.233
600581.XSHG,2018-05-28,32.4073,8630.0,28.9541,29.3526,4650329.416,26.5634,29.3526,28.8213,100657210.0,1.4993
600581.XSHG,2018-05-29,31.8761,15879.0,29.3526,29.8174,10744715.5853,26.0321,28.8213,27.958,231732928.0,3.4641
600581.XSHG,2018-05-30,32.2745,14702.0,28.1572,30.2159,8306895.8819,26.4306,28.5557,27.7588,176178469.0,2.6782
600581.XSHG,2018-05-31,30.9464,8707.0,28.6221,28.9541,5730895.0887,25.368,28.5557,28.0908,121635770.0,1.8476
600581.XSHG,2018-06-01,31.4776,14253.0,28.8213,29.6846,9112348.6467,25.7665,28.4892,28.3564,197328147.0,2.9378
600581.XSHG,2018-06-04,31.6769,9237.0,28.3564,29.0205,5017190.3328,25.9657,28.6885,28.29,106599954.0,1.6175
600581.XSHG,2018-06-05,31.212,9307.0,28.4892,28.5557,5118355.834,25.5009,28.4892,27.958,107630129.0,1.6502
600581.XSHG,2018-06-06,31.3448,11386.0,28.8877,29.2861,7781994.2211,25.6337,28.6221,28.3564,167636830.0,2.5089
600581.XSHG,2018-06-07,31.8097,21192.0,29.8174,30.1495,13691933.5583,26.0321,29.3526,29.1533,302203915.0,4.4143
600581.XSHG,2018-06-08,32.8058,12740.0,29.1533,29.9502,8789234.4924,26.829,29.6182,29.0869,192123293.0,2.8337
600581.XSHG,2018-06-11,32.0753,29497.0,30.88,31.4776,16338294.2,26.2314,28.9541,28.6221,370582186.0,5.2675
600581.XSHG,2018-06-12,34.0012,21154.0,30.88,31.1456,12030587.3236,27.8252,30.88,30.0166,274527177.0,3.8787
600581.XSHG,2018-06-13,34.0012,51656.0,32.8722,33.4699,25442092.196,27.8252,30.6807,30.4151,612013138.0,8.2026
600581.XSHG,2018-06-14,36.1926,53097.0,34.9973,35.8606,26302548.5221,29.6182,32.4738,31.9425,654237676.0,8.48
600581.XSHG,2018-06-15,38.5169,54065.0,34.2668,35.8606,24419442.2187,31.4776,34.3332,34.0012,634678557.0,7.8729
600581.XSHG,2018-06-19,37.72,40918.0,31.0792,33.8019,18871080.3953,30.8135,33.8019,30.8135,449066108.0,6.0841
600581.XSHG,2018-06-20,34.2004,42560.0,34.2004,34.2004,22558477.4022,27.958,31.0128,31.0128,551447942.0,7.2729
600581.XSHG,2018-06-21,37.6536,73931.0,34.9973,37.0559,34698944.9786,30.8135,34.6652,33.8019,913580845.0,11.187
600581.XSHG,2018-06-22,38.5169,64322.0,36.9231,37.388,29936342.9973,31.4776,34.6652,33.3371,796211650.0,9.6515
600581.XSHG,2018-06-25,40.642,47985.0,36.5247,37.3216,21472233.7558,33.2042,35.5285,35.4621,581311825.0,6.9227
600581.XSHG,2018-06-26,40.1771,39286.0,35.3957,35.9934,18204919.9932,32.8722,35.7942,33.8019,474929172.0,5.8693
600581.XSHG,2018-06-27,38.9154,35112.0,33.6691,35.7942,14624406.1205,31.8761,35.5285,33.3371,374027050.0,4.7149
600581.XSHG,2018-06-28,37.0559,30378.0,34.2004,35.0637,13532334.9683,30.2823,33.9347,33.4699,345680898.0,4.3628
600581.XSHG,2018-06-29,37.6536,33049.0,34.3332,34.7316,15102904.6474,30.8135,34.3332,33.005,382169147.0,4.8692
600581.XSHG,2018-07-02,37.7864,34440.0,32.9386,34.0676,14513229.2476,30.88,33.8683,31.9425,357117944.0,4.6791
600581.XSHG,2018-07-03,36.259,25158.0,32.2081,33.0714,13039508.0614,29.6182,32.7394,31.2784,312778450.0,4.204
600581.XSHG,2018-07-04,35.4621,34324.0,32.6066,34.134,16728776.1428,29.0205,32.8722,32.5402,414280796.0,5.3934
600581.XSHG,2018-07-05,35.8606,35540.0,29.9502,31.8761,15734641.8917,29.3526,31.8761,29.6182,357135182.0,5.0729
600581.XSHG,2018-07-06,32.9386,23781.0,30.1495,31.0128,11511253.1566,26.9619,29.419,29.2861,258887244.0,3.7112
600581.XSHG,2018-07-09,33.1378,18117.0,30.88,30.9464,10420052.0833,27.1611,30.3487,30.1495,236962613.0,3.3594
600581.XSHG,2018-07-10,34.0012,23508.0,31.4112,32.2081,12900185.5494,27.8252,31.0128,30.7471,302166882.0,4.159
600581.XSHG,2018-07-11,34.5324,20378.0,30.5479,30.6807,11429976.0425,28.29,30.2159,29.4854,256243970.0,3.685
600581.XSHG,2018-07-12,33.6027,20706.0,31.2784,31.6104,11907834.9602,27.4931,30.9464,30.8135,276699165.0,3.8391
600581.XSHG,2018-07-13,34.3996,21811.0,31.3448,32.2081,12437124.8543,28.1572,31.4776,30.4815,289315482.0,4.0097
600581.XSHG,2018-07-16,34.466,12769.0,30.7471,31.0792,6944714.776,28.2236,31.0128,30.5479,159149744.0,2.239
600581.XSHG,2018-07-17,33.8019,14320.0,30.2159,30.6807,6886042.9212,27.6923,30.6143,29.8838,154217692.0,2.2201
600581.XSHG,2018-07-18,33.2707,9605.0,29.9502,30.5479,5009762.691,27.2275,30.2159,29.8838,112750972.0,1.6152
600581.XSHG,2018-07-19,32.9386,15008.0,30.2159,30.8135,8724707.4106,26.9619,30.2159,30.0831,198151523.0,2.8129
600581.XSHG,2018-07-20,33.2707,17267.0,30.5479,31.0128,9520277.6968,27.2275,29.8838,29.419,213364663.0,3.0693
600581.XSHG,2018-07-23,33.6027,23684.0,31.4112,32.0089,13844738.0455,27.4931,30.2159,30.0166,320421116.0,4.4636
600581.XSHG,2018-07-24,34.5324,39610.0,33.005,34.2668,22084354.9679,28.29,32.5402,32.1417,545471977.0,7.12
600581.XSHG,2018-07-25,36.3254,49893.0,34.7316,35.0637,27526508.4742,29.6846,32.7394,32.3409,692482378.0,8.8746
600581.XSHG,2018-07-26,38.1849,30389.0,33.8019,34.5988,15954251.6511,31.2784,34.134,33.5363,403016629.0,5.1437
600581.XSHG,2018-07-27,37.1888,60453.0,36.4583,37.1888,36822094.1385,30.4151,35.595,34.2004,989129910.0,11.8715
600581.XSHG,2018-07-30,40.1107,46337.0,36.5247,37.5208,28230450.539,32.8058,35.8606,35.5285,769195615.0,9.1015
600581.XSHG,2018-07-31,40.1771,29957.0,35.595,36.5247,17198457.3297,32.8722,35.927,34.6652,454656477.0,5.5448
600581.XSHG,2018-08-01,39.181,43091.0,34.7981,37.3216,23478349.1971,32.0089,36.3919,34.7316,632138824.0,7.5694
600581.XSHG,2018-08-02,38.2513,64369.0,38.2513,38.2513,36013220.9515,31.3448,34.5988,34.3332,971563324.0,11.6107
600581.XSHG,2018-08-03,42.103,58564.0,37.4544,39.4466,32842099.4804,34.3996,37.1888,36.7903,926854565.0,10.5883
600581.XSHG,2018-08-06,41.1733,48873.0,38.5169,39.181,26647584.4179,33.7355,37.4544,36.5247,752695029.0,8.5912
600581.XSHG,2018-08-07,42.3686,50771.0,40.1771,40.31,27292683.2427,34.6652,38.4505,37.72,792962047.0,8.7992
600581.XSHG,2018-08-08,44.2281,70371.0,41.2397,43.1655,32813684.1168,36.1926,39.5131,39.3138,1009688876.0,10.5792
600581.XSHG,2018-08-09,45.357,53149.0,41.7045,41.8374,23218325.4824,37.1224,40.642,39.5795,704920556.0,7.4856
600581.XSHG,2018-08-10,45.8883,37180.0,41.1733,42.435,15936303.7426,37.5208,41.3061,40.7748,491095280.0,5.1379
600581.XSHG,2018-08-13,45.2906,37468.0,41.6381,41.7709,19248554.2525,37.0559,40.5092,39.9115,585866701.0,6.2058
600581.XSHG,2018-08-14,45.8219,39580.0,40.1107,42.103,16596737.0014,37.4544,41.5717,40.0443,504049873.0,5.3508
600581.XSHG,2018-08-15,44.0952,41385.0,38.5169,40.7748,17145667.816,36.1262,40.31,38.2513,500813226.0,5.5278
600581.XSHG,2018-08-16,42.3686,23967.0,38.0521,38.7826,10328195.2134,34.6652,37.72,37.388,293839788.0,3.3298
600581.XSHG,2018-08-17,41.8374,24262.0,37.9857,38.9818,11674595.5144,34.2668,38.849,37.388,332390700.0,3.7639
600581.XSHG,2018-08-20,41.7709,30203.0,38.1849,38.3841,12634835.7372,34.2004,38.0521,35.927,351052591.0,4.0735
600581.XSHG,2018-08-21,42.0366,30376.0,38.849,39.3802,14917395.5096,34.3996,37.72,37.2552,426845478.0,4.8094
600581.XSHG,2018-08-22,42.7671,28051.0,38.5169,39.5795,12102899.9935,34.9973,38.7162,38.4505,351457565.0,3.902
600581.XSHG,2018-08-23,42.3686,29343.0,37.5208,38.4505,12313130.9084,34.6652,37.9857,36.6575,343080695.0,3.9698
600581.XSHG,2018-08-24,41.3061,63431.0,33.9347,36.1926,27917501.7402,33.8019,35.5285,33.8019,726445821.0,9.0006
600581.XSHG,2018-08-27,37.3216,44394.0,34.0676,34.134,19193521.756,30.5479,33.6691,32.4073,475753906.0,6.188
600581.XSHG,2018-08-28,37.4544,26787.0,33.8683,34.5324,13130074.7863,30.6807,33.9347,33.5363,332205703.0,4.2332
600581.XSHG,2018-08-29,37.2552,17575.0,33.6027,34.3332,8000258.7979,30.4815,33.7355,33.4699,202014661.0,2.5793
600581.XSHG,2018-08-30,36.9895,26264.0,32.4073,33.8683,10365850.2088,30.2159,33.6691,32.3409,252772688.0,3.342
600581.XSHG,2018-08-31,35.6614,15809.0,32.1417,32.8722,7071057.9351,29.1533,32.4073,32.0753,170765384.0,2.2797
600581.XSHG,2018-09-03,35.3293,21546.0,32.4738,32.8058,9456824.6568,28.9541,32.3409,31.0792,224144350.0,3.0489
600581.XSHG,2018-09-04,35.7278,18950.0,32.9386,33.0714,9093411.8833,29.2197,32.4073,32.1417,221045812.0,2.9317
600581.XSHG,2018-09-05,36.259,17533.0,31.6769,32.8058,7931490.3846,29.6182,32.6066,31.6769,190562582.0,2.5571
600581.XSHG,2018-09-06,34.8645,12621.0,31.544,32.1417,5436718.9523,28.4892,31.4776,31.2784,128470775.0,1.7528
600581.XSHG,2018-09-07,34.7316,21386.0,32.4738,32.7394,10113031.3552,28.4228,32.0089,31.544,243262373.0,3.2605
600581.XSHG,2018-09-10,35.7278,25199.0,33.005,33.5363,12220428.6454,29.2197,32.5402,31.7433,296832001.0,3.9399
600581.XSHG,2018-09-11,36.3254,20362.0,31.9425,32.673,9941199.2521,29.6846,32.5402,31.7433,237725519.0,3.2051
600581.XSHG,2018-09-12,35.1301,13358.0,31.4112,31.9425,5654360.1075,28.7549,31.9425,31.3448,132756793.0,1.823
600581.XSHG,2018-09-13,34.5324,18412.0,31.212,31.8761,8442649.8559,28.29,31.6769,30.6143,195118407.0,2.7219
600581.XSHG,2018-09-14,34.3332,11615.0,30.9464,31.544,6057142.9439,28.0908,31.212,30.7471,140118955.0,1.9528
600581.XSHG,2018-09-17,34.0676,13193.0,29.9502,30.88,5273265.5076,27.8252,30.6807,29.8838,118548966.0,1.7001
600581.XSHG,2018-09-18,32.9386,25207.0,31.8761,32.0753,12140168.1074,26.9619,30.0166,29.8838,280141186.0,3.914
600581.XSHG,2018-09-19,35.0637,19795.0,31.6769,32.1417,9997761.6712,28.6885,31.8761,31.2784,236159763.0,3.2233
600581.XSHG,2018-09-20,34.8645,22006.0,32.1417,32.9386,10898897.2255,28.4892,31.6104,31.4112,261691418.0,3.5138
600581.XSHG,2018-09-21,35.3293,17420.0,32.4073,32.6066,9469184.2301,28.9541,32.2745,31.6104,227349713.0,3.0529
600581.XSHG,2018-09-25,35.6614,11308.0,31.8761,32.2745,5119322.2287,29.1533,32.2081,31.7433,121803134.0,1.6505
600581.XSHG,2018-09-26,35.0637,11093.0,32.0089,32.4073,5657999.6682,28.6885,31.9425,31.7433,135137537.0,1.8241
600581.XSHG,2018-09-27,35.1965,16365.0,32.2081,32.673,8855583.0743,28.8213,32.0089,31.7433,213094429.0,2.855
600581.XSHG,2018-09-28,35.4621,15048.0,31.8761,32.0753,7991761.3636,29.0205,31.7433,31.212,188366709.0,2.5766
600581.XSHG,2018-10-08,35.0637,13534.0,30.4815,31.544,5950571.4193,28.6885,31.3448,30.4151,137124431.0,1.9185
600581.XSHG,2018-10-09,33.5363,7491.0,30.5479,30.9464,3562903.0692,27.4267,30.3487,30.3487,81227505.0,1.1487
600581.XSHG,2018-10-10,33.6027,8375.0,30.7471,31.1456,4628680.2318,27.4931,30.6143,30.4815,106099734.0,1.4923
600581.XSHG,2018-10-11,33.8019,25005.0,27.6923,29.751,12174045.3412,27.6923,29.419,27.6923,256530097.0,3.9249
600581.XSHG,2018-10-12,30.4815,27644.0,28.4228,28.6221,15301048.1417,24.9032,26.6962,24.9696,305967575.0,4.9331
600581.XSHG,2018-10-15,31.2784,13289.0,27.4931,28.29,7146135.4329,25.5673,28.29,26.9619,146815620.0,2.3039
600581.XSHG,2018-10-16,30.2159,9224.0,27.1611,27.8252,4840927.7066,24.7704,27.3603,26.6962,98169770.0,1.5607
600581.XSHG,2018-10-17,29.8838,9311.0,27.2939,28.0244,4133381.0865,24.4383,27.8252,26.5634,83722441.0,1.3326
600581.XSHG,2018-10-18,30.0166,9372.0,25.9657,27.0283,4261201.7612,24.5711,27.0283,25.8329,83728113.0,1.3738
600581.XSHG,2018-10-19,28.5557,10994.0,26.0985,26.4306,5352260.5866,23.3758,25.5673,24.5711,102610013.0,1.7256
600581.XSHG,2018-10-22,28.6885,15605.0,27.7588,27.8916,7925491.4935,23.5086,26.2314,26.2314,160387783.0,2.5552
600581.XSHG,2018-10-23,30.5479,14182.0,27.2275,27.8252,7223061.9496,24.9696,27.5595,26.6298,146653760.0,2.3287
600581.XSHG,2018-10-24,29.9502,12263.0,27.5595,27.6923,6771493.784,24.5047,26.9619,26.8954,138024305.0,2.1831
600581.XSHG,2018-10-25,30.3487,19481.0,28.2236,28.7549,9493028.0368,24.8368,26.6298,26.2978,196049173.0,3.0606
600581.XSHG,2018-10-26,31.0792,22118.0,28.6885,29.751,11113558.2589,25.4345,28.29,27.8916,238517046.0,3.583
600581.XSHG,2018-10-29,31.544,13132.0,27.4931,28.7549,6655599.4642,25.8329,28.3564,27.2939,137766680.0,2.1458
600581.XSHG,2018-10-30,30.2159,10583.0,27.5595,27.958,5313837.4935,24.7704,27.2939,26.6962,108434870.0,1.7132
600581.XSHG,2018-10-31,30.3487,11382.0,28.0908,28.4228,6514494.5043,24.8368,27.5595,27.3603,135764780.0,2.1003
600581.XSHG,2018-11-01,30.88,12215.0,27.6923,28.4892,7277832.4106,25.3016,28.0908,27.6259,151801493.0,2.3464
600581.XSHG,2018-11-02,30.4815,13129.0,28.29,28.29,7758144.3441,24.9032,27.958,27.6259,161883205.0,2.5012
600581.XSHG,2018-11-05,31.1456,11392.0,28.0908,28.4228,5903141.5922,25.4345,28.1572,27.6923,123142957.0,1.9032
600581.XSHG,2018-11-06,30.88,17613.0,28.6885,29.0205,9437597.5298,25.3016,28.2236,28.0244,201126427.0,3.0427
600581.XSHG,2018-11-07,31.544,12434.0,28.0244,28.6221,6676186.5449,25.8329,28.5557,27.8916,140271897.0,2.1524
600581.XSHG,2018-11-08,30.8135,8942.0,27.8252,28.3564,4321162.5469,25.2352,28.2236,27.6923,89736618.0,1.3931
600581.XSHG,2018-11-09,30.6143,8507.0,27.2939,27.8252,4011994.9495,25.036,27.6923,27.2275,82071488.0,1.2935
600581.XSHG,2018-11-12,30.0166,8355.0,27.6923,27.7588,4519060.1933,24.5711,27.0947,26.9619,92208833.0,1.457
600581.XSHG,2018-11-13,30.4815,12062.0,28.0908,28.2236,6907573.5318,24.9032,27.2275,27.0947,143212250.0,2.227
600581.XSHG,2018-11-14,30.88,37614.0,29.8174,30.88,21101526.8875,25.3016,28.1572,27.958,465323376.0,6.8032
600581.XSHG,2018-11-15,32.8058,20561.0,29.5518,29.6182,11920882.9076,26.829,29.3526,28.9541,260025163.0,3.8433
600581.XSHG,2018-11-16,32.5402,14377.0,29.3526,29.6182,8342718.8552,26.6298,29.5518,28.9541,181782787.0,2.6897
600581.XSHG,2018-11-19,32.2745,13608.0,29.2861,29.3526,7035206.229,26.4306,29.2861,28.6885,151457049.0,2.2682
600581.XSHG,2018-11-20,32.2081,16255.0,28.8213,30.0166,8796265.54,26.3642,29.0205,28.7549,192343063.0,2.8359
600581.XSHG,2018-11-21,31.6769,17794.0,29.0869,29.6182,9646653.8381,25.9657,28.1572,27.958,206633627.0,3.1101
600581.XSHG,2018-11-22,32.0089,10937.0,28.4892,28.9541,6036425.9583,26.1649,28.6885,28.4228,128471641.0,1.9462
600581.XSHG,2018-11-23,31.3448,15059.0,27.0947,28.5557,7129710.5672,25.6337,28.4892,26.9619,146339979.0,2.2986
600581.XSHG,2018-11-26,29.8174,9995.0,26.5634,27.1611,5073855.5426,24.3719,26.8954,26.2978,101117257.0,1.6358
600581.XSHG,2018-11-27,29.2197,6542.0,26.6298,27.0283,3587861.791,23.9071,26.829,26.4306,71184965.0,1.1567
600581.XSHG,2018-11-28,29.2861,8731.0,26.6962,26.7626,4206942.6233,23.9735,26.5634,26.0985,82912219.0,1.3563
600581.XSHG,2018-11-29,29.3526,9947.0,25.8993,27.0283,4928431.3487,24.0399,26.829,25.8993,97157662.0,1.5889
600581.XSHG,2018-11-30,28.4892,6625.0,26.0985,26.0985,3558360.0427,23.3094,25.8993,25.5673,68617167.0,1.1472
600581.XSHG,2018-12-03,28.6885,10524.0,26.7626,27.0283,6427403.2391,23.5086,26.7626,26.4306,127702605.0,2.0722
600581.XSHG,2018-12-04,29.419,16071.0,27.0947,27.6923,9611439.313,24.1063,26.7626,26.6298,194411631.0,3.0987
600581.XSHG,2018-12-05,29.8174,12243.0,26.7626,26.9619,6019006.1674,24.3719,26.4306,26.2978,119306161.0,1.9405
600581.XSHG,2018-12-06,29.419,7932.0,26.2314,26.6962,4009663.1378,24.1063,26.5634,26.1649,78728821.0,1.2927
600581.XSHG,2018-12-07,28.8877,4669.0,26.2978,26.3642,2560827.0202,23.6414,26.0985,26.0321,49983869.0,0.8256
600581.XSHG,2018-12-10,28.9541,5559.0,25.8329,26.2314,2703266.4384,23.6414,26.0985,25.8329,52285722.0,0.8715
600581.XSHG,2018-12-11,28.4228,3317.0,26.0321,26.1649,1738620.9855,23.243,25.9657,25.8329,33600297.0,0.5605
600581.XSHG,2018-12-12,28.6221,5657.0,26.0985,26.3642,2708434.91,23.4422,26.0985,25.9657,52768751.0,0.8732
600581.XSHG,2018-12-13,28.6885,10732.0,26.497,26.829,6237278.8381,23.5086,26.0985,25.7665,122579654.0,2.0109
600581.XSHG,2018-12-14,29.1533,8818.0,25.8329,26.497,4525261.4284,23.8407,26.497,25.7665,87949115.0,1.4589
600581.XSHG,2018-12-17,28.4228,4406.0,26.0321,26.1649,2641377.7195,23.243,25.7665,25.6337,51041650.0,0.8516
600581.XSHG,2018-12-18,28.6221,4716.0,25.8329,26.0321,2342576.4051,23.4422,25.7665,25.6337,45014866.0,0.7552
600581.XSHG,2018-12-19,28.4228,4304.0,25.7665,26.0985,2373231.9185,23.243,25.8993,25.7001,45683454.0,0.7651
600581.XSHG,2018-12-20,28.3564,4778.0,25.6337,25.7665,2449252.1368,23.1766,25.6337,25.368,46628576.0,0.7896
600581.XSHG,2018-12-21,28.2236,4878.0,25.368,25.6337,2222202.7972,23.0437,25.5009,25.2352,41963271.0,0.7164
600581.XSHG,2018-12-24,27.8916,4057.0,25.4345,25.5673,2192295.5517,22.8445,25.3016,25.1024,41385667.0,0.7068
600581.XSHG,2018-12-25,27.958,10892.0,24.5711,25.1688,5416486.7829,22.9109,25.1688,23.243,97823475.0,1.7463
600581.XSHG,2018-12-26,27.0283,5377.0,24.0399,24.6376,2733957.7668,22.114,24.4383,23.9735,49219035.0,0.8814
600581.XSHG,2018-12-27,26.4306,5377.0,23.8407,24.5711,3623352.9202,21.6492,24.3719,23.8407,65392721.0,1.1682
600581.XSHG,2018-12-28,26.2314,4880.0,23.6414,24.0399,2770918.3178,21.4499,23.9071,23.4422,48831809.0,0.8933
600581.XSHG,2019-01-02,26.0321,4471.0,23.3094,23.8407,1941126.813,21.2507,23.7078,23.243,33864652.0,0.6258
600581.XSHG,2019-01-03,25.6337,4264.0,23.3094,23.6414,2119674.3072,20.9851,23.3094,23.3094,36978349.0,0.6834
600581.XSHG,2019-01-04,25.6337,7797.0,23.9071,23.9735,4260392.7901,20.9851,23.1766,22.6453,74234717.0,1.3736
600581.XSHG,2019-01-07,26.2978,7220.0,24.3055,24.3055,4438473.0721,21.5164,23.9071,23.7742,79414568.0,1.431
600581.XSHG,2019-01-08,26.7626,5666.0,24.1727,24.6376,3557631.6045,21.8484,24.3055,23.9735,64235607.0,1.147
600581.XSHG,2019-01-09,26.5634,8226.0,24.3055,24.8368,5400627.0639,21.782,24.2391,24.1727,98569801.0,1.7412
600581.XSHG,2019-01-10,26.7626,5105.0,23.9071,24.4383,3147325.013,21.8484,24.2391,23.9071,56536826.0,1.0147
600581.XSHG,2019-01-11,26.2978,4871.0,24.0399,24.1727,2645758.2637,21.5164,23.7078,23.6414,47113393.0,0.853
600581.XSHG,2019-01-14,26.4306,20122.0,24.8368,25.7665,11649422.5104,21.6492,24.1063,23.9735,216995609.0,3.7558
600581.XSHG,2019-01-15,27.2939,11684.0,24.7704,24.8368,5977240.7569,22.3797,24.6376,24.3719,109426094.0,1.9271
600581.XSHG,2019-01-16,27.2275,7364.0,24.704,24.9032,4299303.5321,22.3133,24.7704,24.3719,78719265.0,1.3861
600581.XSHG,2019-01-17,27.1611,12988.0,24.9696,25.5009,7960251.9587,22.2468,24.5711,24.5047,148637411.0,2.5664
600581.XSHG,2019-01-18,27.4931,33618.0,26.5634,26.9619,19718650.4468,22.4461,25.036,24.8368,383737483.0,6.3573
600581.XSHG,2019-01-21,29.2197,17160.0,26.0321,26.2978,9868322.6496,23.9071,26.2978,25.7665,190777582.0,3.1816
600581.XSHG,2019-01-22,28.6221,13855.0,25.2352,26.0985,7203141.1875,23.4422,26.0985,25.1024,136338892.0,2.3223
600581.XSHG,2019-01-23,27.7588,6423.0,25.1688,25.4345,3826263.8403,22.7117,24.9696,24.9696,71561119.0,1.2336
600581.XSHG,2019-01-24,27.6923,8635.0,25.036,25.2352,4550902.454,22.6453,24.9696,24.6376,84211537.0,1.4672
600581.XSHG,2019-01-25,27.5595,6961.0,24.8368,25.5673,4469535.9039,22.5125,24.9696,24.8368,83725129.0,1.441
600581.XSHG,2019-01-28,27.2939,7021.0,24.6376,25.1024,3309404.5422,22.3797,24.9032,24.5711,61076436.0,1.067
600581.XSHG,2019-01-29,27.0947,10921.0,24.9696,25.3016,5993468.3372,22.1804,24.4383,23.6414,109510062.0,1.9323
600581.XSHG,2019-01-30,27.4931,5682.0,24.5047,25.1024,3758762.3025,22.4461,24.7704,24.3719,69473948.0,1.2118
600581.XSHG,2019-01-31,26.9619,6915.0,24.0399,24.6376,4038117.5537,22.0476,24.6376,23.9071,72707730.0,1.3019
600581.XSHG,2019-02-01,26.4306,3695.0,24.4383,24.4383,2190498.7374,21.6492,24.2391,24.1727,39635571.0,0.7062
600581.XSHG,2019-02-11,26.8954,6725.0,25.1688,25.2352,4605256.2889,21.9812,24.7704,24.7704,85832984.0,1.4847
600581.XSHG,2019-02-12,27.6923,13294.0,25.7665,26.2314,9024340.7634,22.6453,25.036,24.8368,171505934.0,2.9095
600581.XSHG,2019-02-13,28.3564,14325.0,26.0321,26.2314,9993164.2143,23.1766,25.6337,25.368,191843579.0,3.2218
600581.XSHG,2019-02-14,28.6221,10581.0,25.8329,26.3642,6485220.5954,23.4422,25.7665,25.7001,125280440.0,2.0908
600581.XSHG,2019-02-15,28.4228,8974.0,25.368,25.7665,5609540.922,23.243,25.6337,25.3016,106476509.0,1.8085
600581.XSHG,2019-02-18,27.8916,12951.0,26.1649,26.1649,8659107.906,22.8445,25.5009,25.5009,166938666.0,2.7917
600581.XSHG,2019-02-19,28.7549,15039.0,26.4306,26.829,9763966.1843,23.575,26.2978,25.8329,191606595.0,3.1479
600581.XSHG,2019-02-20,29.0869,15794.0,26.8954,27.2275,10001187.152,23.7742,26.2314,26.0321,199130830.0,3.2244
600581.XSHG,2019-02-21,29.6182,14838.0,26.497,27.2275,9386206.6175,24.2391,26.7626,26.3642,186577626.0,3.0261
600581.XSHG,2019-02-22,29.1533,14613.0,26.7626,26.7626,7710717.7545,23.8407,26.497,26.0985,152052635.0,2.4859
600581.XSHG,2019-02-25,29.419,31508.0,28.6221,29.0205,20983223.4606,24.1063,26.7626,26.6962,434152180.0,6.765
600581.XSHG,2019-02-26,31.4776,50424.0,30.0166,31.4776,33109196.735,25.7665,28.4228,27.8916,739176963.0,10.6744
600581.XSHG,2019-02-27,33.005,31483.0,29.419,30.4815,19578955.2172,27.0283,29.2197,28.8877,432065709.0,6.3123
600581.XSHG,2019-02-28,32.3409,16515.0,29.6182,29.751,9841498.7212,26.497,29.0869,28.9541,214664860.0,3.1729
600581.XSHG,2019-03-01,32.6066,31109.0,30.6807,31.1456,18620185.2257,26.6298,29.6846,29.419,421894168.0,6.0032
600581.XSHG,2019-03-04,33.7355,44606.0,31.6769,32.7394,26835448.4347,27.6259,30.6143,30.6143,627636071.0,8.6518
600581.XSHG,2019-03-05,34.8645,26182.0,31.544,31.6104,14596929.2282,28.4892,31.2784,30.88,339404780.0,4.7061
600581.XSHG,2019-03-06,34.7316,42904.0,32.5402,33.2042,26031389.0103,28.4228,31.2784,31.212,625245512.0,8.3925
600581.XSHG,2019-03-07,35.7942,35723.0,32.1417,32.8722,20165608.4078,29.2861,32.2081,31.6769,481844939.0,6.5014
600581.XSHG,2019-03-08,35.3293,35509.0,29.419,31.544,19562311.4154,28.9541,31.212,29.2861,444331431.0,6.3069
600581.XSHG,2019-03-11,32.3409,16956.0,30.1495,30.2159,10048254.3787,26.497,29.3526,29.0869,222826780.0,3.2396
600581.XSHG,2019-03-12,33.1378,19601.0,30.3487,30.7471,11713540.6549,27.1611,30.2823,29.9502,264871513.0,3.7765
600581.XSHG,2019-03-13,33.4035,17197.0,29.5518,30.2823,9346459.1832,27.2939,30.2823,29.0869,207034578.0,3.0133
600581.XSHG,2019-03-14,32.5402,23013.0,30.0831,31.1456,13910028.9757,26.6298,29.3526,29.2197,312343962.0,4.4846
600581.XSHG,2019-03-15,33.0714,15778.0,30.2823,30.4151,9903985.1641,27.0947,30.1495,29.8838,222169646.0,3.1931
600581.XSHG,2019-03-18,33.3371,43241.0,33.3371,33.3371,27073972.2951,27.2275,30.4815,30.4151,644173306.0,8.7287
600581.XSHG,2019-03-19,36.6575,62490.0,33.4035,34.7316,34229089.3713,30.0166,34.466,32.4073,853089595.0,11.0355
600581.XSHG,2019-03-20,36.7239,63206.0,34.9309,35.7278,34212757.5839,30.0831,32.9386,32.7394,874405185.0,11.0302
600581.XSHG,2019-03-21,38.4505,49530.0,34.3332,35.3293,25834678.9206,31.4112,34.7316,33.8683,662290073.0,8.3291
600581.XSHG,2019-03-22,37.7864,33404.0,33.4035,34.0676,16567253.8688,30.88,33.8683,32.9386,411592768.0,5.3413
600581.XSHG,2019-03-25,36.7239,21295.0,32.6066,33.2707,10679120.1276,30.0831,32.7394,32.3409,260370623.0,3.443
600581.XSHG,2019-03-26,35.8606,25322.0,31.9425,33.005,12916522.1931,29.3526,32.3409,31.544,309564115.0,4.1643
600581.XSHG,2019-03-27,35.1301,27833.0,33.5363,33.5363,15484675.4808,28.7549,32.3409,31.6104,376256608.0,4.9923
600581.XSHG,2019-03-28,36.9231,21832.0,32.0089,33.1378,10643721.6718,30.2159,33.1378,32.0089,258359495.0,3.4315
600581.XSHG,2019-03-29,35.1965,22053.0,32.673,33.0714,12257512.2216,28.8213,31.7433,31.3448,295306508.0,3.9518
600581.XSHG,2019-04-01,35.927,29283.0,33.6691,34.2004,17214278.8057,29.419,33.005,32.6066,429146925.0,5.5499
600581.XSHG,2019-04-02,37.0559,30827.0,34.0676,34.2004,18720595.3768,30.2823,33.8019,33.0714,467089209.0,6.0355
600581.XSHG,2019-04-03,37.4544,36697.0,34.6652,35.0637,22631861.8881,30.6807,33.8683,33.5363,580621724.0,7.2965
600581.XSHG,2019-04-04,38.1185,31542.0,34.134,35.5285,18463276.3937,31.212,34.7316,33.9347,474750170.0,5.9526
600581.XSHG,2019-04-08,37.5208,55071.0,36.4583,36.7903,32951649.3056,30.7471,34.466,33.9347,866447651.0,10.6236
600581.XSHG,2019-04-09,40.1107,38425.0,34.9973,36.1262,21415971.4128,32.8058,36.1262,34.5324,560062016.0,6.9045
600581.XSHG,2019-04-10,38.5169,26865.0,34.0012,34.5324,14294203.2505,31.4776,34.5324,33.7355,362220816.0,4.6085
600581.XSHG,2019-04-11,37.388,20872.0,33.4699,34.466,10554402.195,30.6143,34.0012,33.4035,266064535.0,3.4028
600581.XSHG,2019-04-12,36.7903,15004.0,33.4035,33.4699,7417748.8021,30.1495,33.2042,32.9386,182834423.0,2.3915
600581.XSHG,2019-04-15,36.7239,16031.0,32.673,34.0676,8375724.189,30.0831,33.8019,32.673,208442926.0,2.7003
600581.XSHG,2019-04-16,35.927,17354.0,33.2707,33.2707,8486310.2176,29.419,32.5402,31.9425,206046523.0,2.736
600581.XSHG,2019-04-17,36.5911,13347.0,33.2042,33.5363,7196540.9301,29.9502,33.0714,32.9386,177816369.0,2.3202
600581.XSHG,2019-04-18,36.5247,16380.0,33.6027,33.7355,9809950.8709,29.8838,33.2042,32.8722,244376042.0,3.1627
600581.XSHG,2019-04-19,36.9895,16020.0,33.6691,33.8019,9257884.3321,30.2159,33.6027,32.8058,230142247.0,2.9848
600581.XSHG,2019-04-22,37.0559,18501.0,32.5402,33.6691,9126347.206,30.2823,33.5363,32.4073,223828469.0,2.9423
600581.XSHG,2019-04-23,35.7942,16038.0,31.4776,32.6066,7545486.5158,29.2861,32.4738,31.3448,179393155.0,2.4327
600581.XSHG,2019-04-24,34.5988,12385.0,31.4776,31.8097,6950046.1344,28.3564,31.7433,30.9464,162023303.0,2.2407
600581.XSHG,2019-04-25,34.5988,16988.0,29.9502,31.3448,8498385.0929,28.3564,31.3448,29.8838,193043711.0,2.7399
600581.XSHG,2019-04-26,32.9386,23892.0,27.8916,28.7549,12897949.4464,26.9619,28.5557,27.6259,269766024.0,4.1583
600581.XSHG,2019-04-29,30.6807,17775.0,26.3642,27.8916,9189850.0227,25.1024,27.8916,25.9657,183270334.0,2.9628
600581.XSHG,2019-04-30,29.0205,9541.0,26.8954,27.1611,4918066.6845,23.7078,26.4306,26.4306,98308108.0,1.5856
600581.XSHG,2019-05-06,29.6182,15283.0,25.4345,26.6962,7648344.8265,24.2391,26.0321,24.8368,147256116.0,2.4658
600581.XSHG,2019-05-07,27.958,9436.0,25.7665,26.0321,4208245.1114,22.9109,25.5009,25.2352,80520062.0,1.3567
600581.XSHG,2019-05-08,28.3564,8750.0,25.6337,25.9657,3966563.4713,23.1766,25.368,24.9032,75440642.0,1.2788
600581.XSHG,2019-05-09,28.2236,5367.0,25.368,25.6337,2642531.4847,23.0437,25.2352,25.2352,50030277.0,0.852
600581.XSHG,2019-05-10,27.8916,9725.0,26.0985,26.0985,5411059.5134,22.8445,25.5009,25.2352,103835702.0,1.7445
600581.XSHG,2019-05-13,28.6885,6795.0,25.7001,25.8993,3252699.2683,23.5086,25.7665,25.4345,62180571.0,1.0487
600581.XSHG,2019-05-14,28.29,6451.0,25.3016,25.5009,3608470.7249,23.1102,25.3016,25.036,67914712.0,1.1634
600581.XSHG,2019-05-15,27.8252,5165.0,25.7001,25.7665,3057887.3673,22.7781,25.4345,25.4345,58276806.0,0.9859
600581.XSHG,2019-05-16,28.29,12441.0,26.4306,26.6962,7160596.1458,23.1102,25.6337,25.5673,140279053.0,2.3086
600581.XSHG,2019-05-17,29.0869,11113.0,25.3016,26.2978,5650095.5063,23.7742,26.2978,25.2352,108043683.0,1.8216
600581.XSHG,2019-05-20,27.8252,6828.0,25.368,25.5009,2894995.427,22.7781,25.3016,24.8368,54109685.0,0.9333
600581.XSHG,2019-05-21,27.8916,6162.0,25.7001,25.8993,3420159.9327,22.8445,25.5009,25.2352,65272591.0,1.1027
600581.XSHG,2019-05-22,28.29,11236.0,26.0985,26.829,6388841.9451,23.1102,25.6337,25.5673,124702203.0,2.0598
600581.XSHG,2019-05-23,28.6885,9102.0,25.7001,26.497,4857931.4782,23.5086,25.7665,25.2352,92882177.0,1.5662
600581.XSHG,2019-05-24,28.29,5786.0,25.4345,25.7665,2975657.6178,23.1102,25.368,25.3016,56380227.0,0.9594
600581.XSHG,2019-05-27,27.958,6473.0,25.9657,26.0985,4213941.4983,22.9109,25.5009,25.368,80698789.0,1.3586
600581.XSHG,2019-05-28,28.5557,6709.0,25.7665,26.0985,3785315.4947,23.3758,26.0321,25.6337,72958519.0,1.2204
600581.XSHG,2019-05-29,28.3564,5400.0,25.8993,26.1649,3342791.699,23.1766,25.5009,25.5009,64394618.0,1.0777
600581.XSHG,2019-05-30,28.4892,5354.0,25.5009,25.8329,3131738.0536,23.3094,25.6337,25.368,59361013.0,1.0097
600581.XSHG,2019-05-31,28.0244,4625.0,25.5673,25.8329,2572317.7286,22.9773,25.5009,25.368,48887025.0,0.8293
600581.XSHG,2019-06-03,28.1572,5355.0,25.1688,25.6337,2905315.1709,23.0437,25.5009,25.1688,54812967.0,0.9367
600581.XSHG,2019-06-04,27.6923,9756.0,24.1727,25.1024,5196005.9327,22.6453,25.036,23.7078,93867448.0,1.6752
600581.XSHG,2019-06-05,26.5634,4270.0,23.9735,24.5711,2400585.1787,21.782,24.3719,23.9735,43300585.0,0.774
600581.XSHG,2019-06-06,26.3642,7532.0,23.1102,24.1063,3802326.5508,21.5828,23.9071,22.9773,66043696.0,1.2259
600581.XSHG,2019-06-10,25.4345,4570.0,23.1102,23.3094,2755765.9933,20.7859,23.3094,23.0437,47458457.0,0.8885
600581.XSHG,2019-06-11,25.4345,11738.0,24.5047,24.9032,7912913.591,20.7859,23.0437,23.0437,141779742.0,2.5511
600581.XSHG,2019-06-12,26.9619,8199.0,24.1063,24.8368,4397083.6166,22.0476,24.5047,23.9735,79509840.0,1.4176
600581.XSHG,2019-06-13,26.497,5335.0,24.1063,24.1727,2918023.1805,21.7156,24.0399,23.7742,52065511.0,0.9408
600581.XSHG,2019-06-14,26.497,6144.0,23.8407,24.3719,3857441.1988,21.7156,24.1727,23.7742,69152599.0,1.2436
600581.XSHG,2019-06-17,26.2314,5501.0,23.6414,23.8407,3000052.6094,21.4499,23.7742,23.3094,52633697.0,0.9672
600581.XSHG,2019-06-18,26.0321,3984.0,23.5086,23.7078,1794689.6853,21.2507,23.7078,23.3094,31359497.0,0.5786
600581.XSHG,2019-06-19,25.8329,5219.0,23.6414,24.3719,3266973.4201,21.1843,24.1727,23.6414,58169311.0,1.0533
600581.XSHG,2019-06-20,26.0321,7086.0,24.1727,24.2391,5373608.076,21.2507,23.7078,23.4422,95777120.0,1.7325
600581.XSHG,2019-06-21,26.5634,7605.0,24.4383,24.5047,4822772.5978,21.782,24.1727,24.0399,87261000.0,1.5549
600581.XSHG,2019-06-24,26.8954,19650.0,25.368,26.1649,11857988.5392,21.9812,24.8368,24.6376,224875463.0,3.823
600581.XSHG,2019-06-25,27.8916,11153.0,24.7704,25.2352,6340265.8395,22.8445,25.2352,24.3719,116622474.0,2.0441
600581.XSHG,2019-06-26,27.2275,6173.0,24.3719,24.704,3419208.9161,22.3133,24.5047,24.3055,62299536.0,1.1024
600581.XSHG,2019-06-27,26.829,8486.0,24.9032,25.5673,6155557.579,21.9148,24.5047,24.4383,113908253.0,1.9846
600581.XSHG,2019-06-28,27.4267,5684.0,24.5047,24.7704,3663418.2369,22.4461,24.7704,24.2391,66755622.0,1.1811
600581.XSHG,2019-07-01,26.9619,6470.0,24.9032,25.1688,4411916.6424,22.0476,24.9696,24.6376,81612039.0,1.4224
600581.XSHG,2019-07-02,27.4267,6348.0,25.1024,25.3016,4792172.5265,22.4461,24.8368,24.704,89092328.0,1.545
600581.XSHG,2019-07-03,27.6259,6807.0,24.9696,25.4345,4682737.8351,22.5789,24.9696,24.6376,86871226.0,1.5097
600581.XSHG,2019-07-04,27.4931,4445.0,24.704,25.036,2872335.3325,22.4461,24.7704,24.5711,52976987.0,0.926
600581.XSHG,2019-07-05,27.1611,3144.0,24.7704,24.8368,2234951.4779,22.2468,24.5711,24.5047,40990520.0,0.7206
600581.XSHG,2019-07-08,27.2275,6437.0,23.9071,24.704,3585141.6812,22.3133,24.5711,23.8407,64124026.0,1.1559
600581.XSHG,2019-07-09,26.2978,3562.0,23.8407,24.0399,1953606.1739,21.5164,23.9735,23.6414,34641745.0,0.6298
600581.XSHG,2019-07-10,26.2314,3131.0,23.5086,23.9735,1598294.6452,21.4499,23.7742,23.4422,28126774.0,0.5153
600581.XSHG,2019-07-11,25.8329,2636.0,23.4422,23.8407,1459891.3818,21.1843,23.6414,23.3758,25610880.0,0.4707
600581.XSHG,2019-07-12,25.7665,2137.0,23.575,23.7078,1294009.8096,21.1179,23.6414,23.4422,22712975.0,0.4172
600581.XSHG,2019-07-15,25.9657,3109.0,23.7078,23.9071,1966922.6318,21.2507,23.6414,23.243,34488709.0,0.6341
600581.XSHG,2019-07-16,26.0985,5907.0,24.0399,24.5047,4175019.8297,21.3171,23.6414,23.575,74986818.0,1.346
600581.XSHG,2019-07-17,26.4306,4715.0,23.8407,24.0399,2296708.8756,21.6492,23.8407,23.7078,40778522.0,0.7405
600581.XSHG,2019-07-18,26.2314,3852.0,23.4422,23.8407,1733420.3412,21.4499,23.8407,23.3758,30369647.0,0.5589
600581.XSHG,2019-07-19,25.7665,3379.0,23.5086,23.7078,1436621.8272,21.1179,23.5086,23.4422,25195552.0,0.4632
600581.XSHG,2019-07-22,25.8329,5342.0,22.9109,23.5086,2669989.1544,21.1843,23.5086,22.9109,45865728.0,0.8608
600581.XSHG,2019-07-23,25.2352,2370.0,23.0437,23.1102,1264910.7258,20.653,23.0437,22.9109,21676869.0,0.4078
600581.XSHG,2019-07-24,25.368,2831.0,23.1766,23.4422,1567473.0073,20.7195,23.0437,23.0437,27090457.0,0.5054
600581.XSHG,2019-07-25,25.5009,2369.0,23.0437,23.243,1394412.8788,20.8523,23.1102,22.9773,23952758.0,0.4496
600581.XSHG,2019-07-26,25.368,2336.0,23.243,23.3758,1774993.525,20.7195,23.0437,22.9773,30578156.0,0.5723
600581.XSHG,2019-07-29,25.5673,2179.0,23.1102,23.3094,1643620.0952,20.9187,23.1102,22.9773,28273728.0,0.5299
600581.XSHG,2019-07-30,25.4345,2074.0,23.1766,23.3758,1476112.2847,20.7859,23.0437,23.0437,25487337.0,0.4759
600581.XSHG,2019-07-31,25.5009,1845.0,23.0437,23.243,1218778.3282,20.8523,23.243,22.9773,20898622.0,0.3929
600581.XSHG,2019-08-01,25.368,2815.0,22.7781,23.0437,1661135.5947,20.7195,22.9773,22.7117,28274951.0,0.5356
600581.XSHG,2019-08-02,25.036,5791.0,21.9812,22.3797,3699131.5398,20.5202,22.3797,21.782,60680359.0,1.1926
600581.XSHG,2019-08-05,24.1727,4122.0,21.5164,21.9812,2569902.7535,19.7897,21.9812,21.4499,41483547.0,0.8285
600581.XSHG,2019-08-06,23.6414,7017.0,20.5866,20.8523,4495475.5892,19.3913,20.8523,19.8561,68296699.0,1.4493
600581.XSHG,2019-08-07,22.6453,2938.0,20.4538,20.7859,2074933.8335,18.528,20.653,20.4538,31757738.0,0.669
600581.XSHG,2019-08-08,22.5125,2244.0,20.4538,20.653,1376498.357,18.3952,20.5866,20.3874,21044761.0,0.4438
600581.XSHG,2019-08-09,22.5125,2891.0,20.1218,20.653,1988596.9066,18.3952,20.5202,20.0554,30193597.0,0.6411
600581.XSHG,2019-08-12,22.114,2486.0,20.321,20.321,1550554.4224,18.1295,20.1218,19.9226,23183520.0,0.4999
600581.XSHG,2019-08-13,22.3797,1726.0,20.1882,20.2546,1159894.4169,18.2623,20.1218,19.989,17351628.0,0.374
600581.XSHG,2019-08-14,22.1804,2412.0,20.2546,20.4538,1454266.2199,18.1959,20.4538,20.1882,22035977.0,0.4689
600581.XSHG,2019-08-15,22.3133,5531.0,20.5202,21.2507,3428590.5934,18.2623,19.5905,19.3913,51977483.0,1.1054
600581.XSHG,2019-08-16,22.5789,3235.0,20.1882,20.4538,1992116.6796,18.4616,20.4538,20.1218,30087021.0,0.6423
600581.XSHG,2019-08-19,22.1804,3108.0,20.7195,20.7195,2657491.5825,18.1959,20.2546,20.2546,40611464.0,0.8568
600581.XSHG,2019-08-20,22.7781,4319.0,20.7859,21.1843,2406720.2473,18.6608,20.7859,20.653,37418071.0,0.7759
600581.XSHG,2019-08-21,22.8445,2902.0,20.7859,20.9851,1449495.7589,18.7272,20.7859,20.653,22462083.0,0.4673
600581.XSHG,2019-08-22,22.8445,2290.0,20.8523,20.9187,1485110.3179,18.7272,20.7859,20.653,22987430.0,0.4788
600581.XSHG,2019-08-23,22.9109,4015.0,20.9187,21.1179,2422785.5478,18.7936,20.9187,20.8523,37782448.0,0.7811
600581.XSHG,2019-08-26,23.0437,10578.0,21.1843,21.3171,5218996.8596,18.86,20.4538,20.321,81623898.0,1.6826
600581.XSHG,2019-08-27,23.3094,11367.0,21.9812,22.114,5410581.7793,19.0592,21.3835,21.2507,87736532.0,1.7444
600581.XSHG,2019-08-28,24.1727,7261.0,21.782,21.9812,3606073.3537,19.7897,21.9812,21.6492,58529257.0,1.1626
600581.XSHG,2019-08-29,23.9735,7822.0,22.114,22.3133,3540019.5869,19.5905,21.9812,21.782,58263097.0,1.1413
600581.XSHG,2019-08-30,24.3055,6831.0,21.5828,22.2468,3103540.6145,19.9226,22.0476,21.5164,50434154.0,1.0006
600581.XSHG,2019-09-02,23.7742,11549.0,22.3797,22.5125,5425153.9837,19.4577,21.5828,21.4499,89827079.0,1.7491
600581.XSHG,2019-09-03,24.6376,12898.0,23.0437,23.1102,5286250.9308,20.1218,22.3797,22.3797,89905667.0,1.7043
600581.XSHG,2019-09-04,25.368,11412.0,23.1766,23.4422,5022662.9274,20.7195,22.7781,22.7117,86257309.0,1.6193
600581.XSHG,2019-09-05,25.5009,12215.0,23.0437,23.5086,5250785.0945,20.8523,23.3758,22.9773,90781870.0,1.6929
600581.XSHG,2019-09-06,25.368,7677.0,22.9773,23.1766,2652644.6355,20.7195,22.9773,22.7781,45379975.0,0.8552
600581.XSHG,2019-09-09,25.3016,9061.0,23.3094,23.4422,3096004.5163,20.653,23.1766,23.1102,53660417.0,0.9982
600581.XSHG,2019-09-10,25.6337,9883.0,23.1766,23.4422,3173926.7677,20.9851,23.3094,23.0437,54762132.0,1.0233
600581.XSHG,2019-09-11,25.5009,8666.0,22.9109,23.3094,2841030.4973,20.8523,23.243,22.7781,48624277.0,0.916
600581.XSHG,2019-09-12,25.2352,8688.0,23.0437,23.3758,2920754.0145,20.653,23.0437,22.8445,50191345.0,0.9417
600581.XSHG,2019-09-16,25.368,10767.0,23.3094,23.5086,3812734.9213,20.7195,23.0437,23.0437,66291793.0,1.2292
600581.XSHG,2019-09-17,25.6337,9973.0,22.5789,23.243,3289141.4141,20.9851,23.243,22.3133,55668858.0,1.0604
600581.XSHG,2019-09-18,24.8368,6916.0,22.114,22.7781,2233310.6708,20.321,22.7781,22.114,37185183.0,0.72
600581.XSHG,2019-09-19,24.3055,7607.0,22.3133,22.5789,2428471.6152,19.9226,22.114,22.114,40273658.0,0.7829
600581.XSHG,2019-09-20,24.5711,5998.0,22.3133,22.5125,2101200.3043,20.0554,22.5125,22.1804,34952273.0,0.6774
600581.XSHG,2019-09-23,24.5711,10103.0,21.782,22.2468,2791515.3134,20.0554,22.2468,21.5828,45238988.0,0.9
600581.XSHG,2019-09-24,23.9735,9339.0,21.9812,22.1804,2574283.0954,19.5905,21.9148,21.782,42130616.0,0.83
600581.XSHG,2019-09-25,24.1727,11214.0,21.9148,22.3133,2833037.9112,19.7897,21.8484,21.782,46398743.0,0.9134
600581.XSHG,2019-09-26,24.1063,8086.0,21.1843,22.0476,2464559.0521,19.7233,21.8484,21.1179,39484007.0,0.7946
600581.XSHG,2019-09-27,23.3094,7082.0,21.4499,21.5164,1569333.9646,19.0592,21.3835,21.1843,25019207.0,0.506
600581.XSHG,2019-09-30,23.575,4579.0,21.3171,21.6492,1134178.3217,19.3249,21.3835,21.2507,18107344.0,0.3657
600581.XSHG,2019-10-08,23.4422,5671.0,21.3171,21.5164,1694304.6248,19.1921,21.3835,21.1179,26897242.0,0.5462
600581.XSHG,2019-10-09,23.4422,6515.0,21.782,21.782,2140946.5245,19.1921,21.2507,21.0515,34164592.0,0.6902
600581.XSHG,2019-10-10,23.9735,5393.0,21.8484,21.9148,1462602.9931,19.5905,21.782,21.6492,23744817.0,0.4715
600581.XSHG,2019-10-11,24.0399,6596.0,22.2468,22.3133,2665397.1607,19.6569,21.9148,21.9148,43924336.0,0.8593
600581.XSHG,2019-10-14,24.5047,7941.0,22.7117,22.7117,2295304.4062,20.0554,22.3133,22.3133,38613926.0,0.74
600581.XSHG,2019-10-15,24.9696,8425.0,22.5125,22.9109,2175845.393,20.4538,22.8445,22.3797,36457890.0,0.7015
600581.XSHG,2019-10-16,24.7704,6386.0,22.1804,22.6453,1492505.18,20.2546,22.4461,22.1804,24894811.0,0.4812
600581.XSHG,2019-10-17,24.3719,5794.0,22.0476,22.3133,1174906.5171,19.989,22.114,21.9148,19363104.0,0.3788
600581.XSHG,2019-10-18,24.2391,7796.0,21.5828,22.2468,2026798.8377,19.8561,22.1804,21.4499,32927370.0,0.6534
600581.XSHG,2019-10-21,23.7742,9807.0,22.4461,22.5125,2780321.8483,19.4577,21.4499,21.3835,45503089.0,0.8964
600581.XSHG,2019-10-22,24.704,9179.0,22.1804,22.4461,2445364.0977,20.1882,22.4461,21.9148,40195159.0,0.7884
600581.XSHG,2019-10-23,24.3719,10374.0,21.4499,22.1804,2754286.4543,19.989,21.9812,21.3835,44340648.0,0.888
600581.XSHG,2019-10-24,23.575,6328.0,21.5164,21.6492,1602382.3977,19.3249,21.4499,21.3171,25653835.0,0.5166
600581.XSHG,2019-10-25,23.6414,3993.0,21.5828,21.6492,1140208.1715,19.3913,21.5164,21.3835,18273364.0,0.3676
600581.XSHG,2019-10-28,23.7742,7395.0,21.6492,21.6492,2773085.0168,19.4577,21.3835,21.3835,44450723.0,0.894
600581.XSHG,2019-10-29,23.8407,6913.0,21.1843,21.5828,2441187.5162,19.4577,21.5164,21.1179,38699810.0,0.787
600581.XSHG,2019-10-30,23.3094,6278.0,20.653,21.1843,2651007.2682,19.0592,20.9187,20.5866,40867375.0,0.8547
600581.XSHG,2019-10-31,22.7117,6120.0,20.1882,20.7195,2342728.5677,18.5944,20.7195,20.1218,35398609.0,0.7553
600581.XSHG,2019-11-01,22.1804,3860.0,20.321,20.3874,2049859.1686,18.1959,20.321,20.0554,30866717.0,0.6609
600581.XSHG,2019-11-04,22.3797,4184.0,20.1218,20.3874,2356210.9476,18.2623,20.321,20.0554,35401889.0,0.7596
600581.XSHG,2019-11-05,22.114,4428.0,20.1882,20.2546,2116345.7492,18.1295,20.0554,19.7897,31539177.0,0.6823
600581.XSHG,2019-11-06,22.1804,7518.0,20.7195,21.1843,4529274.516,18.1959,20.1882,20.0554,69516467.0,1.4602
600581.XSHG,2019-11-07,22.7781,4404.0,20.5202,20.653,2530748.187,18.6608,20.5202,20.3874,38616339.0,0.8159
600581.XSHG,2019-11-08,22.5789,3589.0,20.1882,20.7195,2419560.1852,18.4616,20.5202,20.1218,36536553.0,0.7801
600581.XSHG,2019-11-11,22.1804,3126.0,19.9226,20.1218,1799355.7369,18.1959,20.0554,19.7897,26677466.0,0.5801
600581.XSHG,2019-11-12,21.9148,3410.0,20.1218,20.1218,2042132.2601,17.9303,19.989,19.7897,30232008.0,0.6584
600581.XSHG,2019-11-13,22.114,2822.0,19.7897,20.1218,1764075.45,18.1295,20.0554,19.7233,26040575.0,0.5687
600581.XSHG,2019-11-14,21.782,2552.0,19.9226,19.9226,1371649.1841,17.7975,19.7233,19.7233,20241593.0,0.4422
600581.XSHG,2019-11-15,21.9148,3307.0,19.9226,20.1882,2680531.2743,17.9303,19.8561,19.8561,39972283.0,0.8642
600581.XSHG,2019-11-18,21.9148,5414.0,20.3874,20.653,4752654.7527,17.9303,19.9226,19.8561,72099137.0,1.5323
600581.XSHG,2019-11-19,22.4461,4694.0,20.5866,20.7195,3890231.8457,18.3287,20.3874,20.321,59353475.0,1.2542
600581.XSHG,2019-11-20,22.6453,3829.0,20.4538,20.653,3125922.8908,18.528,20.5866,20.321,47652952.0,1.0078
600581.XSHG,2019-11-21,22.5125,3264.0,20.3874,20.4538,2642699.2279,18.3952,20.3874,20.0554,39865915.0,0.852
600581.XSHG,2019-11-22,22.4461,14562.0,21.1843,21.5828,12088178.0546,18.3287,20.4538,20.321,189687478.0,3.8972
600581.XSHG,2019-11-25,23.3094,16531.0,23.3094,23.3094,15028256.5236,19.0592,21.6492,21.5164,253901905.0,4.8451
600581.XSHG,2019-11-26,25.6337,21531.0,22.5789,23.6414,17375145.6876,20.9851,23.6414,22.114,293774224.0,5.6018
600581.XSHG,2019-11-27,24.8368,16002.0,22.9773,23.0437,12708850.3221,20.321,22.114,22.114,213570447.0,4.0973
600581.XSHG,2019-11-28,25.3016,13387.0,22.3133,22.6453,9345883.5146,20.653,22.4461,21.7156,154067971.0,3.0131
600581.XSHG,2019-11-29,24.5711,7145.0,22.1804,22.4461,5369809.6753,20.0554,22.114,21.9148,88488855.0,1.7312
600581.XSHG,2019-12-02,24.3719,6144.0,22.3133,22.4461,5674180.9117,19.989,22.0476,21.9148,93529753.0,1.8294
600581.XSHG,2019-12-03,24.5711,6091.0,21.8484,22.2468,5105666.0354,20.0554,22.114,21.782,83460827.0,1.6461
600581.XSHG,2019-12-04,24.0399,6310.0,21.5164,21.7156,5407336.7894,19.6569,21.5828,21.2507,86293665.0,1.7433
600581.XSHG,2019-12-05,23.6414,5967.0,21.6492,21.6492,4789341.1276,19.3913,21.5164,21.3171,76700250.0,1.5441
600581.XSHG,2019-12-06,23.8407,5554.0,21.9812,22.0476,5472249.134,19.4577,21.5828,21.3835,88192808.0,1.7643
600581.XSHG,2019-12-09,24.1727,13313.0,22.5789,22.9109,11491888.031,19.7897,22.114,21.9812,192594098.0,3.705
600581.XSHG,2019-12-10,24.8368,7029.0,22.1804,22.3797,5837938.4793,20.321,22.3797,21.9812,96294164.0,1.8822
600581.XSHG,2019-12-11,24.3719,10130.0,22.3797,22.9773,8672413.4373,19.989,22.1804,22.114,145620192.0,2.796
600581.XSHG,2019-12-12,24.6376,6052.0,21.9812,22.3133,4751238.345,20.1218,22.2468,21.8484,77915200.0,1.5318
600581.XSHG,2019-12-13,24.1727,5343.0,22.2468,22.3797,4909572.8924,19.7897,22.1804,21.9148,80772060.0,1.5829
600581.XSHG,2019-12-16,24.5047,5272.0,22.4461,22.5125,4949475.5245,20.0554,22.3797,22.114,82043414.0,1.5957
600581.XSHG,2019-12-17,24.704,11675.0,22.9109,23.243,10318897.5087,20.1882,22.3797,22.2468,174969273.0,3.3268
600581.XSHG,2019-12-18,25.2352,7710.0,22.6453,22.9773,6626859.9456,20.653,22.9773,22.5789,112068654.0,2.1365
600581.XSHG,2019-12-19,24.9032,7562.0,23.1766,23.1766,7266545.665,20.3874,22.6453,22.5789,123706590.0,2.3427
600581.XSHG,2019-12-20,25.5009,7578.0,22.6453,23.3758,5919380.0991,20.8523,23.0437,22.5789,101229632.0,1.9084
600581.XSHG,2019-12-23,24.9032,6551.0,21.9148,22.7117,4476596.8985,20.3874,22.4461,21.9148,74260717.0,1.4433
600581.XSHG,2019-12-24,24.1063,4949.0,22.1804,22.2468,4436229.4823,19.7233,21.9148,21.6492,72323557.0,1.4302
600581.XSHG,2019-12-25,24.3719,3728.0,21.9812,22.114,3265655.5539,19.989,22.114,21.8484,53389702.0,1.0529
600581.XSHG,2019-12-26,24.1727,4222.0,22.3133,22.4461,4366542.4275,19.7897,21.9812,21.9148,72220170.0,1.4078
600581.XSHG,2019-12-27,24.5711,6739.0,22.4461,22.8445,6723754.1683,20.0554,22.2468,22.114,112637885.0,2.1677
600581.XSHG,2019-12-30,24.704,7913.0,22.9109,22.9773,8286340.9738,20.1882,22.5125,22.3133,140039648.0,2.6715
600581.XSHG,2019-12-31,25.2352,16957.0,23.6414,24.8368,15006705.0715,20.653,22.9109,22.6453,263626412.0,4.8382
600581.XSHG,2020-01-02,26.0321,14622.0,23.9071,24.5047,13557045.6164,21.2507,23.8407,23.7078,242211601.0,4.3708
600581.XSHG,2020-01-03,26.2978,9451.0,23.7742,24.1727,7526331.2209,21.5164,23.7078,23.5086,133256251.0,2.4265
600581.XSHG,2020-01-06,26.1649,9868.0,23.6414,23.9071,6904490.417,21.3835,23.5086,23.3094,121439189.0,2.226
600581.XSHG,2020-01-07,26.0321,22229.0,24.9032,25.1024,17650585.1787,21.2507,23.8407,23.7078,321765083.0,5.6906
600581.XSHG,2020-01-08,27.4267,18020.0,23.8407,24.704,12173716.5323,22.4461,24.4383,23.6414,218696300.0,3.9248
600581.XSHG,2020-01-09,26.2314,7412.0,24.0399,24.2391,6034159.706,21.4499,24.0399,23.7742,107747176.0,1.9454
600581.XSHG,2020-01-10,26.4306,7325.0,23.8407,24.1727,5482125.7446,21.6492,24.0399,23.3758,96571222.0,1.7674
600581.XSHG,2020-01-13,26.2314,4964.0,23.7742,23.8407,3822414.449,21.4499,23.575,23.243,66988034.0,1.2324
600581.XSHG,2020-01-14,26.1649,5349.0,23.6414,24.0399,4816004.5973,21.3835,23.9071,23.575,85322868.0,1.5527
600581.XSHG,2020-01-15,26.0321,6347.0,23.243,23.575,4276803.694,21.2507,23.575,23.1102,74204584.0,1.3788
600581.XSHG,2020-01-16,25.5673,4193.0,23.3094,23.575,2935085.2273,20.9187,23.3094,23.243,51026892.0,0.9463
600581.XSHG,2020-01-17,25.6337,4012.0,23.3094,23.5086,3129593.2077,20.9851,23.4422,23.0437,54289431.0,1.009
600581.XSHG,2020-01-20,25.6337,8861.0,22.4461,22.7781,6429250.4371,20.9851,22.6453,22.1804,107109029.0,2.0728
600581.XSHG,2020-01-21,24.704,4677.0,21.9812,22.4461,3577724.359,20.1882,22.4461,21.9812,58813724.0,1.1535
600581.XSHG,2020-01-22,24.1727,4656.0,22.0476,22.114,3247531.6061,19.7897,21.9148,21.5828,52625219.0,1.047
600581.XSHG,2020-01-23,24.2391,5977.0,21.3171,21.9812,4075143.0572,19.8561,21.8484,20.7195,65148884.0,1.3138
600581.XSHG,2020-02-03,23.4422,2927.0,19.1921,19.1921,1894283.3787,19.1921,19.1921,19.1921,27055313.0,0.6107
600581.XSHG,2020-02-04,21.1179,9034.0,18.5944,19.0592,5867671.102,17.2662,17.3326,17.2662,81048217.0,1.8917
600581.XSHG,2020-02-05,20.4538,7967.0,19.1256,19.4577,4158610.5445,16.7349,18.7936,18.6608,59206616.0,1.3407
600581.XSHG,2020-02-06,21.0515,6343.0,19.3249,19.4577,3547643.0976,17.1998,19.0592,18.9264,50834797.0,1.1438
600581.XSHG,2020-02-07,21.2507,6031.0,19.3913,19.5905,3201506.2484,17.399,19.3913,19.1256,46114311.0,1.0322
600581.XSHG,2020-02-10,21.3171,7862.0,20.0554,20.1218,5299809.7967,17.4654,19.2585,19.1921,78081237.0,1.7087
600581.XSHG,2020-02-11,22.0476,18540.0,21.3835,22.0476,17802600.1198,18.0631,20.1882,20.0554,286868702.0,5.7396
600581.XSHG,2020-02-12,23.5086,16061.0,20.9851,21.1179,13609765.1191,19.2585,20.7195,20.1882,208224323.0,4.3878
600581.XSHG,2020-02-13,23.1102,11260.0,20.7859,21.4499,8178985.3665,18.86,20.7195,20.5866,127729673.0,2.6369
600581.XSHG,2020-02-14,22.8445,8668.0,21.1179,21.1843,7523744.6581,18.7272,20.7859,20.4538,117150177.0,2.4257
600581.XSHG,2020-02-17,23.243,9460.0,21.5164,21.5164,8028593.8309,18.9928,20.9851,20.8523,126840924.0,2.5884
600581.XSHG,2020-02-18,23.6414,8764.0,21.3835,21.7156,7572328.0481,19.3913,21.5828,21.0515,120575593.0,2.4413
600581.XSHG,2020-02-19,23.5086,6901.0,21.2507,21.5164,5693324.066,19.2585,21.3835,21.1179,90186294.0,1.8355
600581.XSHG,2020-02-20,23.3758,8993.0,21.5828,21.5828,7541017.1426,19.1256,21.2507,20.9187,119436288.0,2.4312
600581.XSHG,2020-02-21,23.7742,13013.0,22.114,22.2468,12096154.4532,19.4577,21.5164,21.3835,196112929.0,3.8998
600581.XSHG,2020-02-24,24.3055,13100.0,22.3133,22.3133,11052738.7254,19.9226,21.8484,21.5164,180365769.0,3.5634
600581.XSHG,2020-02-25,24.5711,11104.0,21.5828,21.9148,8428471.2105,20.0554,21.6492,21.1179,135043097.0,2.7173
600581.XSHG,2020-02-26,23.7742,22310.0,22.2468,23.5086,16980229.5794,19.4577,21.1179,21.0515,284432942.0,5.4744
600581.XSHG,2020-02-27,24.5047,13453.0,21.9812,22.9773,10103082.1031,20.0554,22.1804,21.9148,167710607.0,3.2572
600581.XSHG,2020-02-28,24.1727,13596.0,20.7195,21.782,9288130.3014,19.7897,21.1843,20.653,146368159.0,2.9945
600581.XSHG,2020-03-02,22.7781,23818.0,22.6453,22.7781,19409490.5384,18.6608,20.7859,20.7859,321624762.0,6.2576
600581.XSHG,2020-03-03,24.9032,19255.0,22.4461,23.3758,15923404.5179,20.3874,23.1102,22.114,269293778.0,5.1337
600581.XSHG,2020-03-04,24.704,21584.0,23.4422,23.4422,18497120.0385,20.1882,22.114,22.114,315067020.0,5.9635
600581.XSHG,2020-03-05,25.7665,24975.0,23.7742,24.9032,21396251.7806,21.1179,23.4422,23.1766,382619086.0,6.8982
600581.XSHG,2020-03-06,26.1649,17145.0,23.575,24.3719,14561113.7416,21.3835,23.243,23.1766,257857372.0,4.6945
600581.XSHG,2020-03-09,25.9657,19137.0,22.114,22.9773,12977272.5249,21.2507,22.9773,21.9812,216712968.0,4.1839
600581.XSHG,2020-03-10,24.3055,14873.0,22.6453,22.7117,10741049.5176,19.9226,21.8484,21.5828,177232903.0,3.4629
600581.XSHG,2020-03-11,24.9032,11786.0,22.114,22.9773,10203536.5676,20.3874,22.6453,22.0476,171337529.0,3.2896
600581.XSHG,2020-03-12,24.3055,9884.0,21.7156,22.0476,7794173.9106,19.9226,21.5828,21.4499,125660631.0,2.5129
600581.XSHG,2020-03-13,23.9071,12708.0,21.1179,21.4499,9088197.2773,19.5241,20.653,20.3874,140894777.0,2.93
600581.XSHG,2020-03-16,23.243,8759.0,20.5202,21.5164,5695178.5483,18.9928,21.3835,20.5202,89244828.0,1.8361
600581.XSHG,2020-03-17,22.5789,7452.0,20.5202,20.9187,4842366.5744,18.4616,20.653,19.8561,73429870.0,1.5612
600581.XSHG,2020-03-18,22.5789,6307.0,20.3874,21.1179,4531210.1382,18.4616,20.7195,20.321,69984796.0,1.4609
600581.XSHG,2020-03-19,22.4461,5578.0,20.5202,20.5866,4027277.5835,18.3287,20.3874,19.989,60827897.0,1.2984
600581.XSHG,2020-03-20,22.5789,4423.0,20.9187,20.9851,3612043.512,18.4616,20.5866,20.5202,55777869.0,1.1645
600581.XSHG,2020-03-23,23.0437,4425.0,20.1882,20.5202,3224492.9261,18.86,19.989,19.989,48688582.0,1.0396
600581.XSHG,2020-03-24,22.1804,4168.0,20.5866,20.7195,3251881.3941,18.1959,20.4538,20.1218,49286456.0,1.0484
600581.XSHG,2020-03-25,22.6453,5697.0,20.9851,20.9851,5246544.7747,18.528,20.8523,20.5866,81293352.0,1.6915
600581.XSHG,2020-03-26,23.1102,3503.0,20.5866,20.8523,2960453.898,18.86,20.8523,20.5202,45637033.0,0.9545
600581.XSHG,2020-03-27,22.6453,4974.0,20.7859,21.1843,4570702.0121,18.528,20.7859,20.653,71277178.0,1.4736
600581.XSHG,2020-03-30,22.8445,7951.0,21.1179,22.0476,7659936.0998,18.7272,20.5202,20.1218,119226062.0,2.4696
600581.XSHG,2020-03-31,23.243,4922.0,20.9851,21.1843,5124785.5154,18.9928,21.0515,20.7859,79932466.0,1.6522
600581.XSHG,2020-04-01,23.1102,3584.0,20.5866,21.1843,3132740.4656,18.86,20.7859,20.5202,48672689.0,1.01
600581.XSHG,2020-04-02,22.6453,3448.0,20.7859,20.7859,3034250.7608,18.528,20.3874,20.1882,46374577.0,0.9782
600581.XSHG,2020-04-03,22.8445,3881.0,20.3874,20.7195,3262855.7207,18.7272,20.7195,20.2546,49697107.0,1.0519
600581.XSHG,2020-04-07,22.4461,3924.0,20.7859,20.9187,3528797.5913,18.3287,20.5866,20.5866,54429878.0,1.1377
600581.XSHG,2020-04-08,22.8445,5523.0,20.9187,21.2507,4654906.4362,18.7272,20.7859,20.653,72550189.0,1.5007
600581.XSHG,2020-04-09,23.0437,4245.0,20.9187,21.1843,3734262.4968,18.86,20.9851,20.8523,58334189.0,1.2039
600581.XSHG,2020-04-10,23.0437,4842.0,20.4538,20.9187,3380916.5372,18.86,20.9187,20.3874,51814804.0,1.09
600581.XSHG,2020-04-13,22.5125,2634.0,20.5202,20.7195,1860015.2163,18.3952,20.3874,20.2546,28345894.0,0.5997
600581.XSHG,2020-04-14,22.5789,2656.0,20.7195,20.8523,2371592.5278,18.4616,20.5202,20.4538,36364787.0,0.7646
600581.XSHG,2020-04-15,22.7781,2932.0,20.4538,20.7859,2387995.5403,18.6608,20.7859,20.3874,36462097.0,0.7699
600581.XSHG,2020-04-16,22.5125,2417.0,20.4538,20.5202,1704488.3936,18.3952,20.321,20.321,25872798.0,0.5495
600581.XSHG,2020-04-17,22.5125,3764.0,20.5866,20.9187,4130149.6536,18.3952,20.5202,20.3874,63442470.0,1.3316
600581.XSHG,2020-04-20,22.6453,7355.0,21.0515,21.4499,7572549.21,18.528,20.5202,20.3874,118241601.0,2.4414
600581.XSHG,2020-04-21,23.1766,4736.0,20.7195,21.0515,4711926.9619,18.9264,20.9187,20.5202,72621662.0,1.5191
600581.XSHG,2020-04-22,22.7781,3154.0,20.7195,20.9187,2639945.529,18.6608,20.5866,20.5202,40694104.0,0.8511
600581.XSHG,2020-04-23,22.7781,2887.0,20.5202,20.8523,2152640.5886,18.6608,20.7859,20.5202,32973199.0,0.694
600581.XSHG,2020-04-24,22.5789,3127.0,20.4538,20.653,2189502.3958,18.4616,20.5202,20.321,33298409.0,0.7059
600581.XSHG,2020-04-27,22.5125,2765.0,20.2546,20.5202,1993755.6656,18.3952,20.3874,20.1882,30208050.0,0.6428
600581.XSHG,2020-04-28,22.3133,5278.0,19.6569,20.2546,3799660.8715,18.2623,20.1882,19.1921,55829391.0,1.225
600581.XSHG,2020-04-29,21.6492,2244.0,19.7233,19.9226,1548789.1738,17.6647,19.6569,19.5241,22780220.0,0.4993
600581.XSHG,2020-04-30,21.7156,2574.0,19.989,19.989,1674168.771,17.7311,19.7897,19.7233,24795373.0,0.5398
600581.XSHG,2020-05-06,21.9812,2570.0,20.1218,20.1882,2135769.1498,17.9967,19.8561,19.7233,31848213.0,0.6886
600581.XSHG,2020-05-07,22.114,1845.0,20.0554,20.2546,1297476.7709,18.1295,20.0554,19.989,19403095.0,0.4183
600581.XSHG,2020-05-08,22.0476,2297.0,20.1882,20.1882,1840044.4752,18.0631,20.0554,19.989,27543439.0,0.5932
600581.XSHG,2020-05-11,22.1804,8549.0,20.8523,21.1843,8224184.7562,18.1959,20.1882,20.1218,126995959.0,2.6515
600581.XSHG,2020-05-12,22.9109,4426.0,20.3874,20.7195,3955758.9112,18.7936,20.7195,20.2546,60064800.0,1.2753
600581.XSHG,2020-05-13,22.4461,2107.0,20.2546,20.321,1486378.2051,18.3287,20.1882,20.1218,22396713.0,0.4792
600581.XSHG,2020-05-14,22.3133,2738.0,19.989,20.2546,2131623.9316,18.2623,20.1882,19.989,31861953.0,0.6872
600581.XSHG,2020-05-15,21.9812,1700.0,19.989,20.1882,1147095.7573,17.9967,20.1218,19.989,17105513.0,0.3698
600581.XSHG,2020-05-18,21.9812,6887.0,20.5202,21.1843,6610850.8968,17.9967,20.9187,20.4538,102113257.0,2.1313
600581.XSHG,2020-05-19,22.5789,3312.0,20.4538,20.7195,2903178.6211,18.4616,20.5202,20.321,44301444.0,0.936
600581.XSHG,2020-05-20,22.5125,4636.0,20.5866,20.8523,4478875.6961,18.3952,20.3874,20.1882,68394889.0,1.444
600581.XSHG,2020-05-21,22.6453,6515.0,20.653,21.5164,5647002.072,18.528,21.3171,20.5866,88109798.0,1.8206
600581.XSHG,2020-05-22,22.7117,3942.0,20.4538,20.8523,3605947.6981,18.5944,20.3874,20.321,55067127.0,1.1626
600581.XSHG,2020-05-25,22.5125,2789.0,20.2546,20.4538,2223343.2077,18.3952,20.3874,20.1882,33546676.0,0.7168
600581.XSHG,2020-05-26,22.3133,2184.0,20.3874,20.3874,1849052.6256,18.2623,20.321,20.2546,27935536.0,0.5961
600581.XSHG,2020-05-27,22.4461,2955.0,20.3874,20.5866,2817181.4297,18.3287,20.3874,20.2546,42812388.0,0.9083
600581.XSHG,2020-05-28,22.4461,3350.0,20.1218,20.3874,2856145.5905,18.3287,20.2546,19.989,42844977.0,0.9208
600581.XSHG,2020-05-29,22.114,2583.0,20.1218,20.1882,2023378.6179,18.1295,20.1882,19.989,30198865.0,0.6523
600581.XSHG,2020-06-01,22.114,3206.0,20.3874,20.4538,2747898.8604,18.1295,20.1882,20.1218,41577170.0,0.8859
600581.XSHG,2020-06-02,22.4461,3126.0,20.5202,20.5202,2794208.5114,18.3287,20.4538,20.321,42484594.0,0.9009
600581.XSHG,2020-06-03,22.5789,2554.0,20.321,20.5202,2261761.0399,18.4616,20.5202,20.321,34389345.0,0.7292
600581.XSHG,2020-06-04,22.3797,2941.0,20.3874,20.5202,2021861.2406,18.2623,20.5202,20.321,30714030.0,0.6519
600581.XSHG,2020-06-05,22.4461,2309.0,20.321,20.4538,1226499.7734,18.3287,20.3874,20.2546,18556419.0,0.3954
600581.XSHG,2020-06-08,22.3797,4917.0,20.5202,20.7859,3940893.5104,18.2623,20.4538,20.3874,60311143.0,1.2705
600581.XSHG,2020-06-09,22.5789,2623.0,20.3874,20.5866,2376118.9621,18.4616,20.5866,20.321,36084694.0,0.7661
600581.XSHG,2020-06-10,22.4461,3821.0,20.5202,20.653,3337482.1937,18.3287,20.3874,20.2546,50863302.0,1.076
600581.XSHG,2020-06-11,22.5789,3126.0,20.321,20.5866,2931061.8201,18.4616,20.4538,20.2546,44382409.0,0.945
600581.XSHG,2020-06-12,22.3797,2429.0,20.2546,20.3874,2326940.0738,18.2623,20.1218,19.989,35009076.0,0.7502
600581.XSHG,2020-06-15,22.3133,2233.0,20.1882,20.3874,2045231.9671,18.2623,20.1882,20.1218,30781200.0,0.6594
600581.XSHG,2020-06-16,22.1804,7039.0,20.7195,20.8523,7565601.5281,18.1959,20.1882,20.1882,116151476.0,2.4392
600581.XSHG,2020-06-17,22.7781,11531.0,21.0515,21.5164,10042466.937,18.6608,20.7195,20.5202,157873210.0,3.2377
600581.XSHG,2020-06-18,23.1766,20665.0,21.5164,22.8445,14810758.4256,18.9264,21.1843,20.9187,241025428.0,4.775
600581.XSHG,2020-06-19,23.6414,12699.0,20.9187,21.4499,8434178.7264,19.3913,21.1179,20.7195,131435806.0,2.7192
600581.XSHG,2020-06-22,23.0437,8676.0,20.5866,20.9187,5421482.2504,18.86,20.8523,20.5202,83431450.0,1.7479
600581.XSHG,2020-06-23,22.6453,5855.0,20.653,20.7859,3552143.4295,18.528,20.5866,20.4538,54396046.0,1.1452
600581.XSHG,2020-06-24,22.7117,3811.0,20.3874,20.7195,3207111.9852,18.5944,20.5866,20.3874,48820943.0,1.034
600581.XSHG,2020-06-29,22.4461,3093.0,20.1882,20.3874,2141750.8418,18.3287,20.3874,20.1882,32324755.0,0.6905
600581.XSHG,2020-06-30,22.1804,2893.0,20.2546,20.3874,1993609.978,18.1959,20.321,20.2546,30125485.0,0.6427
600581.XSHG,2020-07-01,22.3133,3247.0,20.5202,20.5866,2891495.079,18.2623,20.2546,20.2546,44068042.0,0.9322
600581.XSHG,2020-07-02,22.5789,5703.0,20.8523,20.9187,4733800.5455,18.4616,20.5866,20.3874,72890728.0,1.5262
600581.XSHG,2020-07-03,22.9109,10274.0,21.3171,21.6492,8464710.6077,18.7936,20.7859,20.7859,134037822.0,2.729
600581.XSHG,2020-07-06,23.4422,21231.0,22.7781,22.9109,16727637.1487,19.1921,21.7156,21.3835,277420401.0,5.393
600581.XSHG,2020-07-07,25.036,19861.0,22.3797,23.575,14520790.4364,20.5202,23.3094,22.1804,244584322.0,4.6815
600581.XSHG,2020-07-08,24.6376,23167.0,23.6414,23.7742,18490711.8056,20.1218,22.3133,22.3133,317002335.0,5.9614
600581.XSHG,2020-07-09,26.0321,32480.0,24.5047,25.7001,24749094.9155,21.2507,23.3094,22.7781,439728446.0,7.9791
600581.XSHG,2020-07-10,26.9619,20209.0,23.5086,24.3719,13938625.0324,22.0476,23.9735,23.4422,248036944.0,4.4938
600581.XSHG,2020-07-13,25.8329,21441.0,25.8329,25.8329,20834270.1858,21.1843,23.5086,23.243,383886110.0,6.717
600581.XSHG,2020-07-14,28.4228,41908.0,27.2939,28.3564,36933618.6383,23.243,26.6962,26.0985,749736213.0,11.9074
600581.XSHG,2020-07-15,30.0166,39107.0,28.7549,29.751,31829934.562,24.5711,27.2939,26.1649,663959908.0,10.262
600581.XSHG,2020-07-16,31.6104,28852.0,26.0321,29.0205,23692486.7667,25.8993,27.6923,25.8993,481325106.0,7.6385
600581.XSHG,2020-07-17,28.6221,28130.0,27.0947,27.8916,22101764.2369,23.4422,26.4306,25.7665,444519514.0,7.1256
600581.XSHG,2020-07-20,29.8174,41099.0,29.8174,29.8174,31305504.9696,24.3719,27.2275,26.5634,669988384.0,10.0929
600581.XSHG,2020-07-21,32.8058,31740.0,28.9541,29.4854,21493732.1937,26.829,28.9541,28.1572,459588494.0,6.9296
600581.XSHG,2020-07-22,31.8761,24223.0,27.958,28.9541,16169237.6489,26.0321,28.6221,27.7588,339218991.0,5.213
600581.XSHG,2020-07-23,30.7471,18304.0,28.3564,28.7549,13134354.5633,25.1688,27.5595,27.3603,275352727.0,4.2345
600581.XSHG,2020-07-24,31.212,29630.0,26.2978,28.0244,18445288.4211,25.5009,28.0244,25.5673,366087966.0,5.9468
600581.XSHG,2020-07-27,28.9541,15829.0,25.5673,26.4306,11267285.6368,23.6414,26.2314,24.9696,213701108.0,3.6326
600581.XSHG,2020-07-28,28.1572,22524.0,24.9032,26.3642,12361513.7756,23.0437,25.5009,24.5047,233836849.0,3.9854
600581.XSHG,2020-07-29,27.4267,19542.0,25.5673,25.7665,11889203.9384,22.4461,24.704,23.9735,221347426.0,3.8331
600581.XSHG,2020-07-30,28.1572,19672.0,25.1024,26.2314,10742651.2723,23.0437,25.5009,24.8368,202902565.0,3.4634
600581.XSHG,2020-07-31,27.6259,16051.0,25.1688,25.7001,8067956.8117,22.5789,24.9696,24.7704,151144806.0,2.6011
600581.XSHG,2020-08-03,27.6923,19513.0,26.2314,26.3642,12369790.4526,22.6453,25.4345,25.368,238151765.0,3.988
600581.XSHG,2020-08-04,28.8877,18779.0,25.9657,26.5634,11464545.6974,23.6414,26.4306,25.368,220778917.0,3.6962
600581.XSHG,2020-08-05,28.5557,12754.0,25.7665,26.0321,6779342.9082,23.3758,25.7001,25.2352,129425702.0,2.1857
600581.XSHG,2020-08-06,28.3564,20725.0,26.6298,26.8954,13803685.8974,23.1766,25.9657,25.8329,271079586.0,4.4503
600581.XSHG,2020-08-07,29.2861,20297.0,25.8993,26.497,9692763.1685,23.9735,26.3642,25.368,186188626.0,3.125
600581.XSHG,2020-08-10,28.4892,10888.0,25.9657,26.1649,6193577.1983,23.3094,25.7665,25.3016,118492262.0,1.9968
600581.XSHG,2020-08-11,28.5557,12479.0,25.036,25.9657,6625626.2545,23.3758,25.9657,24.9032,125442523.0,2.1361
600581.XSHG,2020-08-12,27.5595,23247.0,24.0399,24.9696,10359163.5506,22.5125,24.7704,23.6414,185268369.0,3.3398
600581.XSHG,2020-08-13,26.4306,12812.0,24.1727,24.5711,6949975.5164,21.6492,24.0399,23.9071,125213636.0,2.2407
600581.XSHG,2020-08-14,26.5634,10563.0,24.2391,24.3055,5918159.965,21.782,24.0399,23.6414,105499698.0,1.908
600581.XSHG,2020-08-17,26.6962,16466.0,24.9696,25.036,8353018.3647,21.8484,24.2391,24.1063,153543515.0,2.693
600581.XSHG,2020-08-18,27.4931,40412.0,26.6962,27.3603,22485356.9752,22.4461,25.2352,25.1024,443274100.0,7.2493
600581.XSHG,2020-08-19,29.3526,26635.0,26.2978,27.2275,11994383.3366,24.0399,26.6298,26.1649,236386974.0,3.867
600581.XSHG,2020-08-20,28.9541,25247.0,26.5634,27.1611,13593453.7685,23.6414,26.5634,25.9657,268782377.0,4.3825
600581.XSHG,2020-08-21,29.2197,24406.0,26.497,27.2275,13616541.0111,23.9071,26.2978,25.5673,266434149.0,4.39
600581.XSHG,2020-08-24,29.1533,15632.0,25.8993,26.4306,6944222.6755,23.8407,26.1649,25.7001,134065401.0,2.2388
600581.XSHG,2020-08-25,28.4892,16156.0,25.2352,25.9657,8037408.5405,23.3094,25.9657,25.036,152157261.0,2.5913
600581.XSHG,2020-08-26,27.7588,12854.0,24.5047,25.3016,4957710.114,22.7117,25.3016,24.3719,91285648.0,1.5984
600581.XSHG,2020-08-27,26.9619,9478.0,25.036,25.1024,4474436.2697,22.0476,24.704,24.0399,82281488.0,1.4426
600581.XSHG,2020-08-28,27.5595,13597.0,25.6337,25.8329,8397402.5107,22.5125,24.7704,24.704,159045536.0,2.7073
600581.XSHG,2020-08-31,28.2236,15326.0,25.4345,26.1649,7182348.323,23.0437,25.6337,25.368,137698046.0,2.3156
600581.XSHG,2020-09-01,27.958,9295.0,25.2352,25.5673,3772278.0692,22.9109,25.4345,25.036,70834061.0,1.2162
600581.XSHG,2020-09-02,27.7588,11879.0,24.8368,25.4345,6112710.6401,22.7117,25.368,24.5711,112893049.0,1.9707
600581.XSHG,2020-09-03,27.2939,11705.0,24.6376,25.3016,6166935.3794,22.3797,24.7704,24.5711,114229451.0,1.9882
600581.XSHG,2020-09-04,27.0947,9060.0,24.704,24.704,4641028.8785,22.1804,24.2391,24.0399,84214284.0,1.4963
600581.XSHG,2020-09-07,27.1611,8978.0,24.1063,24.7704,4300047.7532,22.2468,24.5047,24.1063,78265265.0,1.3863
600581.XSHG,2020-09-08,26.497,9202.0,24.6376,24.704,5095769.9997,21.7156,24.3055,23.9071,92335069.0,1.6429
600581.XSHG,2020-09-09,27.0947,28817.0,25.7665,26.0321,16587426.1445,22.1804,24.3055,24.2391,314255714.0,5.3478
600581.XSHG,2020-09-10,28.3564,20747.0,25.3016,26.2978,13685155.0359,23.1766,25.368,25.036,260307760.0,4.4121
600581.XSHG,2020-09-11,27.8252,15696.0,24.3719,24.7704,9006987.5437,22.7781,24.704,23.8407,162589448.0,2.9039
600581.XSHG,2020-09-14,26.829,7901.0,24.2391,24.704,5413038.2349,21.9148,24.2391,24.0399,97554760.0,1.7452
600581.XSHG,2020-09-15,26.6962,10484.0,24.8368,25.1024,7724221.5828,21.8484,24.2391,23.9071,141408904.0,2.4903
600581.XSHG,2020-09-16,27.2939,8161.0,24.3719,24.8368,5197770.979,22.3797,24.6376,24.2391,94567486.0,1.6758
600581.XSHG,2020-09-17,26.829,7237.0,24.1063,24.5711,4353725.9615,21.9148,24.3719,23.9071,78247677.0,1.4036
600581.XSHG,2020-09-18,26.497,14866.0,25.1024,25.2352,12092474.019,21.7156,24.1063,23.9735,222519043.0,3.8986
600581.XSHG,2020-09-21,27.6259,13886.0,24.9032,25.368,7521463.2301,22.5789,25.368,24.704,140247413.0,2.4249
600581.XSHG,2020-09-22,27.4267,11219.0,24.3055,24.9032,5444976.8114,22.4461,24.6376,24.1727,99083294.0,1.7555
600581.XSHG,2020-09-23,26.7626,8533.0,24.1063,24.3719,4781972.5703,21.8484,24.2391,23.9735,85956966.0,1.5417
600581.XSHG,2020-09-24,26.497,14353.0,23.1102,24.0399,7796717.1717,21.7156,23.9735,22.8445,135482720.0,2.5137
600581.XSHG,2020-09-25,25.4345,11413.0,22.3133,23.3094,8040307.927,20.7859,23.1766,21.9148,133822167.0,2.5922
600581.XSHG,2020-09-28,24.5711,9700.0,21.4499,22.4461,6982683.2022,20.0554,22.2468,21.1843,112530200.0,2.2512
600581.XSHG,2020-09-29,23.575,7084.0,21.5164,22.0476,4276600.9454,19.3249,21.5164,21.4499,68935202.0,1.3788
600581.XSHG,2020-09-30,23.6414,5612.0,21.4499,21.7156,2807897.4845,19.3913,21.5828,21.2507,44871894.0,0.9053
600581.XSHG,2020-10-09,23.575,6588.0,22.0476,22.2468,3777469.4056,19.3249,21.7156,21.7156,61854563.0,1.2179
600581.XSHG,2020-10-12,24.2391,7804.0,22.6453,22.7117,4505514.075,19.8561,22.3133,22.114,75462410.0,1.4526
600581.XSHG,2020-10-13,24.9032,7063.0,22.3133,22.7781,4316907.0513,20.3874,22.6453,22.1804,71671985.0,1.3918
600581.XSHG,2020-10-14,24.5711,5640.0,21.9812,22.4461,3101573.4266,20.0554,22.4461,21.9148,50928669.0,1.0
600581.XSHG,2020-10-15,24.1727,6018.0,22.0476,22.3797,3444416.521,19.7897,22.114,21.8484,56631180.0,1.1105
600581.XSHG,2020-10-16,24.2391,5762.0,22.2468,22.4461,3470872.9927,19.8561,21.9812,21.8484,57291881.0,1.119
600581.XSHG,2020-10-19,24.5047,7226.0,21.8484,22.5125,4383880.4714,20.0554,22.1804,21.782,72241357.0,1.4134
600581.XSHG,2020-10-20,24.0399,5115.0,21.9148,21.9812,2498276.0295,19.6569,21.782,21.5164,40453048.0,0.8054
600581.XSHG,2020-10-21,24.1063,4342.0,21.6492,21.9812,2269000.0971,19.7233,21.9812,21.5164,36598644.0,0.7315
600581.XSHG,2020-10-22,23.8407,4624.0,21.5828,21.7156,1942947.5039,19.4577,21.7156,21.4499,31200301.0,0.6264
600581.XSHG,2020-10-23,23.7742,4973.0,21.4499,21.7156,2299739.1786,19.4577,21.5828,21.3835,36861546.0,0.7414
600581.XSHG,2020-10-26,23.575,4580.0,21.2507,21.4499,2232995.8236,19.3249,21.4499,21.0515,35286630.0,0.7199
600581.XSHG,2020-10-27,23.3758,3921.0,21.3835,21.4499,2006230.3726,19.1256,21.1179,21.1179,31726560.0,0.6468
600581.XSHG,2020-10-28,23.5086,4749.0,21.5164,21.5828,2664275.1635,19.2585,21.3171,21.2507,42596583.0,0.859
600581.XSHG,2020-10-29,23.6414,6765.0,21.7156,21.8484,3020267.782,19.3913,21.3171,21.3171,48721793.0,0.9737
600581.XSHG,2020-10-30,23.9071,7682.0,21.1843,21.782,3346182.1743,19.5241,21.7156,21.1179,53606348.0,1.0788
600581.XSHG,2020-11-02,23.3094,7065.0,21.5164,21.5164,2462715.294,19.0592,21.1843,21.0515,39138901.0,0.794
600581.XSHG,2020-11-03,23.6414,8875.0,22.0476,22.2468,4268337.8254,19.3913,21.5164,21.5164,69670427.0,1.3761
600581.XSHG,2020-11-04,24.2391,6497.0,22.1804,22.3133,3904146.0276,19.8561,22.0476,21.9148,64218375.0,1.2587
600581.XSHG,2020-11-05,24.3719,13329.0,22.7781,23.0437,7938535.1917,19.989,22.2468,21.9812,132995168.0,2.5594
600581.XSHG,2020-11-06,25.036,11673.0,22.7117,22.9773,5146756.2241,20.5202,22.6453,22.3797,86709615.0,1.6593
600581.XSHG,2020-11-09,24.9696,12711.0,23.1102,23.3758,7425115.9431,20.4538,22.9773,22.7781,127370264.0,2.3939
600581.XSHG,2020-11-10,25.4345,12775.0,22.7117,23.5086,5547810.0314,20.7859,23.1102,22.7117,95178550.0,1.7886
600581.XSHG,2020-11-11,24.9696,22766.0,23.6414,24.704,16047780.8939,20.4538,22.7117,22.6453,285281187.0,5.1738
600581.XSHG,2020-11-12,26.0321,18490.0,23.9071,24.2391,9353507.8348,21.2507,23.5086,22.9773,164254663.0,3.0156
600581.XSHG,2020-11-13,26.2978,13313.0,23.6414,23.9735,6622948.03,21.5164,23.5086,23.1102,115811299.0,2.1352
600581.XSHG,2020-11-16,26.0321,18990.0,24.5047,24.9032,11735671.013,21.2507,23.9071,23.7742,213448237.0,3.7836
600581.XSHG,2020-11-17,26.9619,14519.0,24.2391,24.9696,8902684.2949,22.0476,24.5047,23.9071,161683963.0,2.8702
600581.XSHG,2020-11-18,26.6962,14185.0,24.2391,24.6376,8150284.2933,21.8484,23.9071,23.7742,146628475.0,2.6277
600581.XSHG,2020-11-19,26.6962,14666.0,23.7078,24.4383,6456963.8695,21.8484,24.1727,23.4422,114151863.0,2.0817
600581.XSHG,2020-11-20,26.0985,13231.0,24.2391,24.2391,8074474.3104,21.3171,23.6414,23.1102,142785095.0,2.6032
600581.XSHG,2020-11-23,26.6962,30208.0,25.2352,26.0321,18118570.7233,21.8484,24.2391,24.1063,339145251.0,5.8414
600581.XSHG,2020-11-24,27.7588,22713.0,25.4345,25.7001,13340568.9507,22.7117,24.9032,24.6376,249367760.0,4.301
600581.XSHG,2020-11-25,27.958,24659.0,24.3055,25.7665,11972529.785,22.9109,25.6337,24.3055,222470161.0,3.86
600581.XSHG,2020-11-26,26.7626,15742.0,23.9735,24.4383,6938329.6102,21.8484,24.1063,23.6414,123774927.0,2.2369
600581.XSHG,2020-11-27,26.3642,19080.0,24.3719,25.2352,12045819.1693,21.5828,23.9735,23.9735,219795513.0,3.8836
600581.XSHG,2020-11-30,26.829,21466.0,24.3055,25.368,11338542.6784,21.9148,24.4383,24.1727,209085667.0,3.6556
600581.XSHG,2020-12-01,26.7626,15926.0,24.4383,24.5711,7141068.3356,21.8484,24.0399,23.8407,128473431.0,2.3023
600581.XSHG,2020-12-02,26.8954,32745.0,25.7665,26.0985,22084574.9158,21.9812,24.3719,24.3719,418124936.0,7.1201
600581.XSHG,2020-12-03,28.3564,29289.0,24.9032,25.8993,12699956.2937,23.1766,25.8329,24.704,237500310.0,4.0945
600581.XSHG,2020-12-04,27.4267,17806.0,24.9696,25.1024,8744471.1538,22.4461,24.6376,24.2391,160063858.0,2.8192
600581.XSHG,2020-12-07,27.4931,17187.0,24.3719,25.036,7812761.4284,22.4461,24.9696,24.3055,142573945.0,2.5188
600581.XSHG,2020-12-08,26.829,9984.0,23.8407,24.3055,6101895.7605,21.9148,24.2391,23.7742,108908207.0,1.9673
600581.XSHG,2020-12-09,26.2314,10195.0,23.575,24.3719,6664470.4254,21.4499,23.9735,23.575,118894604.0,2.1486
600581.XSHG,2020-12-10,25.9657,25581.0,24.9032,25.1688,15924438.2932,21.2507,23.7742,23.7078,291543705.0,5.1341
600581.XSHG,2020-12-11,27.4267,27657.0,24.2391,25.6337,12771764.1155,22.4461,25.2352,23.9735,234900589.0,4.1176
600581.XSHG,2020-12-14,26.6962,26542.0,22.8445,23.9071,12683468.4991,21.8484,23.8407,22.5125,216803577.0,4.0892
600581.XSHG,2020-12-15,25.1024,13742.0,22.9109,22.9773,5630438.8031,20.5866,22.7781,22.2468,94692189.0,1.8153
600581.XSHG,2020-12-16,25.2352,9608.0,22.5125,22.9109,4053029.4937,20.653,22.9109,22.3797,68085456.0,1.3067
600581.XSHG,2020-12-17,24.7704,11053.0,23.1102,23.3094,6498505.4876,20.2546,22.4461,22.3133,110810277.0,2.0951
600581.XSHG,2020-12-18,25.4345,31831.0,24.2391,24.5047,13870338.6024,20.7859,23.1766,23.1766,247709812.0,4.4718
600581.XSHG,2020-12-21,26.6962,30838.0,24.8368,24.9696,12218274.2894,21.8484,24.6376,24.1727,224291096.0,3.9392
600581.XSHG,2020-12-22,27.2939,28044.0,23.9071,24.9696,10827422.4618,22.3797,24.9032,23.7078,196094314.0,3.4908
600581.XSHG,2020-12-23,26.2978,22314.0,23.7742,24.3055,7473810.2176,21.5164,23.7078,23.5086,132903633.0,2.4096
600581.XSHG,2020-12-24,26.1649,19210.0,23.1766,23.8407,5882362.6894,21.3835,23.7078,23.1102,102278661.0,1.8965
600581.XSHG,2020-12-25,25.5009,31495.0,25.5009,25.5009,23006467.1151,20.8523,23.243,23.0437,427164146.0,7.4173
600581.XSHG,2020-12-28,28.0244,46212.0,25.6337,26.0985,19633219.009,22.9773,25.5009,25.2352,374730326.0,6.3298
600581.XSHG,2020-12-29,28.2236,29543.0,25.1024,26.2314,14755380.1233,23.0437,25.6337,24.8368,278481468.0,4.7572
600581.XSHG,2020-12-30,27.6259,30485.0,25.5009,26.0985,13232911.0415,22.5789,24.8368,24.6376,249833941.0,4.2663
600581.XSHG,2020-12-31,28.0244,23310.0,25.4345,25.5009,9340279.8012,22.9773,25.2352,24.8368,175009193.0,3.0113
600581.XSHG,2021-01-04,27.958,33430.0,26.4306,26.8954,18629112.8432,22.9109,25.3016,24.8368,362544307.0,6.006
600581.XSHG,2021-01-05,29.0869,24637.0,25.5673,26.3642,12993273.6823,23.7742,26.0321,25.3016,247816615.0,4.189
600581.XSHG,2021-01-06,28.1572,19730.0,25.1688,25.7001,8364036.3976,23.0437,25.5673,24.704,156524000.0,2.6966
600581.XSHG,2021-01-07,27.6923,24080.0,24.5711,25.7665,12629619.1077,22.6453,25.1688,24.4383,236082954.0,4.0718
600581.XSHG,2021-01-08,27.0283,26760.0,24.2391,24.7704,10268554.5357,22.114,24.5711,23.6414,185168961.0,3.3106
600581.XSHG,2021-01-11,26.6962,28745.0,22.9109,24.3055,11147117.6104,21.8484,24.0399,22.9109,194236657.0,3.5938
600581.XSHG,2021-01-12,25.2352,16791.0,23.243,23.3758,6463558.6636,20.653,22.7781,22.6453,111024847.0,2.0839
600581.XSHG,2021-01-13,25.5673,15439.0,23.243,23.4422,6769929.6652,20.9187,23.0437,22.8445,116642524.0,2.1826
600581.XSHG,2021-01-14,25.5673,14947.0,23.243,23.7078,7107371.7949,20.9187,23.0437,22.7117,122394196.0,2.2914
600581.XSHG,2021-01-15,25.5673,11686.0,23.0437,23.4422,5273148.3505,20.9187,23.3094,22.9109,90714421.0,1.7001
600581.XSHG,2021-01-18,25.368,13063.0,23.4422,23.7078,6303716.249,20.7195,23.7078,23.1102,109882107.0,2.0323
600581.XSHG,2021-01-19,25.7665,7646.0,23.1766,23.3758,3753252.4767,21.1179,23.243,23.0437,64674147.0,1.2101
600581.XSHG,2021-01-20,25.5009,12582.0,23.6414,24.2391,7800632.1225,20.8523,23.3094,23.243,138186473.0,2.5149
600581.XSHG,2021-01-21,26.0321,11474.0,23.8407,24.1063,7527379.3625,21.2507,23.243,23.1102,131954376.0,2.4268
600581.XSHG,2021-01-22,26.2314,8097.0,23.1102,23.6414,5593171.2963,21.4499,23.575,23.1102,96751355.0,1.8032
600581.XSHG,2021-01-25,25.4345,8233.0,22.7117,23.0437,4817119.7148,20.7859,23.0437,22.5789,81586321.0,1.553
600581.XSHG,2021-01-26,24.9696,4996.0,22.7781,22.9773,2946254.4111,20.4538,22.5789,22.4461,49913636.0,0.9499
600581.XSHG,2021-01-27,25.036,4453.0,22.7117,22.9773,2451823.5237,20.5202,22.7117,22.5789,41451094.0,0.7905
600581.XSHG,2021-01-28,24.9696,6272.0,22.3133,22.6453,3696657.4803,20.4538,22.3797,22.1804,61414536.0,1.1918
600581.XSHG,2021-01-29,24.5711,6660.0,21.782,22.4461,3930563.8517,20.0554,22.3133,21.3835,63747057.0,1.2672
600581.XSHG,2021-02-01,23.9735,3116.0,22.114,22.114,2074980.3726,19.5905,21.7156,21.6492,33921037.0,0.669
600581.XSHG,2021-02-02,24.3055,2472.0,22.114,22.2468,1542188.7141,19.9226,22.1804,21.9148,25359306.0,0.4972
600581.XSHG,2021-02-03,24.3055,3454.0,21.9812,22.1804,2357226.9166,19.9226,22.1804,21.6492,38443021.0,0.76
600581.XSHG,2021-02-04,24.1727,4552.0,21.5828,21.9148,2499939.2968,19.7897,21.8484,21.3835,40135531.0,0.806
600581.XSHG,2021-02-05,23.7742,2645.0,21.5164,21.9148,1712052.4152,19.4577,21.5828,21.5164,27588788.0,0.552
600581.XSHG,2021-02-08,23.6414,2304.0,21.7156,21.782,1517681.0169,19.3913,21.4499,21.4499,24406715.0,0.4893
600581.XSHG,2021-02-09,23.9071,3541.0,22.114,22.114,2721252.59,19.5241,21.6492,21.5828,44455450.0,0.8773
600581.XSHG,2021-02-10,24.3055,2631.0,22.114,22.114,2412342.7787,19.9226,22.0476,21.9148,39485813.0,0.7777
600581.XSHG,2021-02-18,24.3055,6617.0,22.9109,23.1766,5561279.0566,19.9226,22.4461,22.3797,93991924.0,1.793
600581.XSHG,2021-02-19,25.2352,10467.0,23.6414,23.6414,6570462.8416,20.653,22.9109,22.5789,113337369.0,2.1183
600581.XSHG,2021-02-22,26.0321,22920.0,24.9032,25.8993,16813725.395,21.2507,23.8407,23.7078,311493498.0,5.4208
600581.XSHG,2021-02-23,27.4267,19483.0,24.9032,25.5009,11802928.524,22.4461,24.9032,24.1063,217433829.0,3.8053
600581.XSHG,2021-02-24,27.4267,13356.0,24.2391,24.9696,6730765.1839,22.4461,24.5047,23.8407,121990832.0,2.17
600581.XSHG,2021-02-25,26.6962,12196.0,24.5047,24.9696,7810306.9962,21.8484,24.4383,24.3055,143141162.0,2.5181
600581.XSHG,2021-02-26,26.9619,12712.0,23.8407,24.3719,5580424.032,22.0476,23.9071,23.6414,99647349.0,1.7991
600581.XSHG,2021-03-01,26.2314,16156.0,25.036,25.2352,8513600.3464,21.4499,23.9735,23.9735,156157306.0,2.7448
600581.XSHG,2021-03-02,27.5595,19130.0,24.4383,25.2352,7485799.5014,22.5125,24.9696,24.2391,137559010.0,2.4134
600581.XSHG,2021-03-03,26.8954,29049.0,25.7001,25.8993,17581141.139,21.9812,25.036,25.036,334820611.0,5.6682
600581.XSHG,2021-03-04,28.29,45436.0,26.2978,27.8916,25253569.145,23.1102,25.4345,25.2352,496492116.0,8.1418
600581.XSHG,2021-03-05,28.9541,30146.0,24.8368,25.6337,13192952.3601,23.6414,25.5009,24.4383,244621518.0,4.2534
600581.XSHG,2021-03-08,27.2939,21150.0,24.6376,25.9657,11219230.3645,22.3797,25.1024,24.5711,211650538.0,3.6171
600581.XSHG,2021-03-09,27.0947,35701.0,25.6337,26.497,18655554.5438,22.1804,24.6376,23.7742,353525858.0,6.0146
600581.XSHG,2021-03-10,28.2236,23992.0,25.1688,26.0985,10753157.5774,23.0437,25.1688,24.7704,202142524.0,3.4668
600581.XSHG,2021-03-11,27.6923,37630.0,27.0947,27.2939,21471128.9578,22.6453,25.368,24.8368,420932956.0,6.9223
600581.XSHG,2021-03-12,29.8174,34968.0,27.2275,27.6923,20403074.8187,24.3719,27.1611,26.5634,411019478.0,6.578
600581.XSHG,2021-03-15,29.9502,10279.0,29.9502,29.9502,14396148.5852,24.5047,29.9502,29.8174,320859065.0,4.6413
600581.XSHG,2021-03-16,32.9386,63316.0,30.3487,30.4815,38020422.5751,26.9619,30.0166,28.6885,836348406.0,12.2578
600581.XSHG,2021-03-17,33.4035,42969.0,28.0908,29.6846,26401261.2099,27.2939,29.2197,27.8916,559660414.0,8.5118
600581.XSHG,2021-03-18,30.88,28214.0,28.0244,28.6885,19848671.612,25.3016,27.7588,27.2939,413373282.0,6.3992
600581.XSHG,2021-03-19,30.8135,22871.0,27.6923,28.6885,15802487.2119,25.2352,27.3603,27.0947,327288014.0,5.0947
600581.XSHG,2021-03-22,30.4815,24502.0,27.8916,29.0869,17125332.8558,24.9032,28.5557,27.3603,357888020.0,5.5212
600581.XSHG,2021-03-23,30.6807,29731.0,25.8329,27.6259,19702497.5314,25.1024,27.5595,25.7001,388757059.0,6.3521
600581.XSHG,2021-03-24,28.4228,21414.0,26.2314,26.2978,14308203.4285,23.243,25.368,24.9696,272229251.0,4.613
600581.XSHG,2021-03-25,28.8877,11348.0,25.5673,26.2314,8491644.6112,23.6414,26.1649,25.2352,163015292.0,2.7377
600581.XSHG,2021-03-26,28.1572,12456.0,26.2978,26.4306,9969393.8585,23.0437,25.6337,25.5673,193504903.0,3.2141
600581.XSHG,2021-03-29,28.9541,14578.0,26.829,26.9619,11564776.9765,23.6414,26.5634,26.1649,228809677.0,3.7285
600581.XSHG,2021-03-30,29.4854,29667.0,27.8252,28.4892,22031715.9981,24.1727,26.6298,26.3642,452259391.0,7.1031
600581.XSHG,2021-03-31,30.6143,22862.0,27.6259,28.8213,16679012.2782,25.036,27.7588,27.0947,346262081.0,5.3773
600581.XSHG,2021-04-01,30.4151,41331.0,28.5557,29.5518,25033308.8497,24.8368,27.1611,26.6298,520407494.0,8.0708
600581.XSHG,2021-04-02,31.4112,25701.0,27.8916,28.6885,13981970.7492,25.7001,27.8916,27.7588,292126734.0,4.5078
600581.XSHG,2021-04-06,30.6807,21514.0,27.958,29.0205,12921108.1164,25.1024,28.2236,27.8916,272597668.0,4.1658
600581.XSHG,2021-04-07,30.7471,43979.0,30.2823,30.7471,30865512.6991,25.1688,27.6259,27.4267,673357430.0,9.9511
600581.XSHG,2021-04-08,33.3371,58291.0,31.212,33.3371,48017351.3986,27.2275,30.0166,29.419,1132062239.0,15.4808
600581.XSHG,2021-04-09,34.3332,55735.0,32.0089,32.9386,43019478.6406,28.0908,32.4073,29.5518,1011596281.0,13.8695
600581.XSHG,2021-04-12,35.1965,61798.0,33.9347,35.0637,40142223.3149,28.8213,31.544,31.0128,995124966.0,12.9419
600581.XSHG,2021-04-13,37.3216,48916.0,31.7433,33.005,27206533.0792,30.5479,32.2745,30.9464,647541297.0,8.7714
600581.XSHG,2021-04-14,34.9309,39756.0,31.8761,32.7394,22418056.1626,28.5557,30.2823,30.2823,525188610.0,7.2276
600581.XSHG,2021-04-15,35.0637,30881.0,30.6143,31.8097,15597059.74,28.6885,31.544,30.2823,357698927.0,5.0285
600581.XSHG,2021-04-16,33.6691,23138.0,30.6807,31.4112,13624110.0913,27.5595,30.5479,30.5479,313687504.0,4.3924
600581.XSHG,2021-04-19,33.7355,30013.0,30.88,31.8761,15218577.1983,27.6259,30.6807,29.8838,352358196.0,4.9065
600581.XSHG,2021-04-20,34.0012,24407.0,30.8135,31.544,12037022.6706,27.8252,30.7471,30.5479,277657092.0,3.8807
600581.XSHG,2021-04-21,33.8683,26316.0,30.6143,30.88,12851354.4904,27.7588,30.8135,29.419,288207188.0,4.1433
600581.XSHG,2021-04-22,33.6691,48715.0,33.6691,33.6691,35993845.5063,27.5595,30.8135,30.7471,894860257.0,11.6045
600581.XSHG,2021-04-23,37.0559,65939.0,37.0559,37.0559,47159145.1373,30.2823,33.2042,32.8722,1253841723.0,15.2042
600581.XSHG,2021-04-26,40.7748,81738.0,35.6614,38.3841,39429166.0596,33.3371,37.5208,35.3957,1076251296.0,12.712
600581.XSHG,2021-04-27,39.2474,48197.0,35.3957,36.7239,20355240.9107,32.0753,36.1926,34.3996,534073503.0,6.5626
600581.XSHG,2021-04-28,38.9154,38695.0,35.0637,35.3293,18442695.181,31.8761,34.9309,34.0676,477600219.0,5.9459
600581.XSHG,2021-04-29,38.5833,47162.0,34.466,35.0637,22683506.5398,31.544,34.7981,33.005,575798839.0,7.3132
600581.XSHG,2021-04-30,37.9193,38561.0,34.5324,35.1965,18465778.5791,31.0128,34.3996,33.7355,473252562.0,5.9534
600581.XSHG,2021-05-06,37.9857,46052.0,37.9857,37.9857,29096860.2289,31.0792,36.1926,35.3957,805193389.0,9.3809
600581.XSHG,2021-05-07,41.7709,80605.0,39.9779,41.4389,34239670.1389,34.2004,39.5131,38.5169,1023236763.0,11.0389
600581.XSHG,2021-05-10,43.9624,80255.0,43.9624,43.9624,37004099.6908,35.9934,41.9038,39.7787,1146865907.0,11.9302
600581.XSHG,2021-05-11,48.3454,68007.0,41.1069,43.1655,30660505.2933,39.5795,42.8999,40.8412,949125148.0,9.885
600581.XSHG,2021-05-12,45.2242,63583.0,42.2358,43.9624,30410704.8045,36.9895,41.8374,41.0405,953660238.0,9.8044
600581.XSHG,2021-05-13,46.486,60457.0,40.1107,43.0327,29267315.179,37.9857,41.1733,39.7123,893877667.0,9.4358
600581.XSHG,2021-05-14,44.0952,56916.0,39.1146,41.4389,29432354.1909,36.1262,40.2436,38.1185,867625027.0,9.489
600581.XSHG,2021-05-17,43.0327,55693.0,40.1771,41.8374,24490157.5855,35.1965,38.5833,38.1185,727250069.0,7.8957
600581.XSHG,2021-05-18,44.2281,45820.0,40.5756,41.5053,17894601.261,36.1926,41.2397,40.1771,542990444.0,5.7692
600581.XSHG,2021-05-19,44.6265,43377.0,39.1146,40.31,17945812.2896,36.5247,39.7787,38.6497,524440881.0,5.7858
600581.XSHG,2021-05-20,43.0327,59863.0,37.2552,37.5872,28179961.4737,35.1965,36.3254,35.1965,753743919.0,9.0853
600581.XSHG,2021-05-21,40.974,58363.0,39.8451,40.4428,22565454.8287,33.5363,37.0559,36.6575,651077604.0,7.2751
600581.XSHG,2021-05-24,43.8296,40108.0,37.9857,39.3138,15054127.8166,35.8606,38.1849,37.1888,429026858.0,4.8535
600581.XSHG,2021-05-25,41.7709,42665.0,38.2513,38.7826,16613338.7157,34.2004,38.5833,36.259,464707471.0,5.3562
600581.XSHG,2021-05-26,42.103,30481.0,37.8528,38.4505,12036250.1214,34.3996,37.3216,37.1888,338788945.0,3.8805
600581.XSHG,2021-05-27,41.6381,24008.0,37.9857,38.5833,9356089.3389,34.0676,37.7864,37.5872,264587166.0,3.0164
600581.XSHG,2021-05-28,41.7709,34342.0,37.388,39.5131,14756892.0374,34.2004,39.1146,37.3216,419320758.0,4.7576
600581.XSHG,2021-05-31,41.1069,22225.0,37.0559,37.7864,9117951.7531,33.6691,37.5872,36.3919,250690997.0,2.9396
600581.XSHG,2021-06-01,40.7748,32512.0,37.2552,37.4544,14755009.0245,33.3371,35.9934,35.1965,395674211.0,4.757
600581.XSHG,2021-06-02,40.974,22167.0,35.9934,37.1224,8238980.3484,33.5363,36.7239,35.8606,222837905.0,2.6563
600581.XSHG,2021-06-03,39.5795,35690.0,37.1224,38.3841,14408760.4814,32.4073,35.9934,35.9934,399101917.0,4.6454
600581.XSHG,2021-06-04,40.8412,23323.0,36.3919,36.6575,8321577.5544,33.4035,36.5247,35.1965,223581716.0,2.6829
600581.XSHG,2021-06-07,40.0443,15319.0,35.927,36.6575,6802456.8603,32.7394,36.3919,35.6614,182409716.0,2.1931
600581.XSHG,2021-06-08,39.5131,30731.0,36.7903,38.5169,13774786.5271,32.3409,35.7278,35.595,379025726.0,4.441
600581.XSHG,2021-06-09,40.4428,33169.0,37.72,38.7826,15517446.0956,33.1378,36.8567,36.8567,437058256.0,5.0028
600581.XSHG,2021-06-10,41.5053,32884.0,38.5833,38.9818,16488209.8226,33.9347,37.388,37.2552,470820436.0,5.3158
600581.XSHG,2021-06-11,42.435,49086.0,41.1069,42.3686,22271611.7505,34.7316,38.849,38.3841,666812784.0,7.1804
600581.XSHG,2021-06-15,45.2242,33373.0,40.31,40.7748,12706609.7675,36.9895,40.0443,39.2474,379682829.0,4.0966
600581.XSHG,2021-06-16,44.3609,28842.0,40.0443,41.8374,12380665.4283,36.259,39.8451,38.849,371990636.0,3.9915
600581.XSHG,2021-06-17,44.0288,31015.0,40.7084,42.3686,14028058.4288,36.0598,39.9115,39.7123,428669870.0,4.5227
600581.XSHG,2021-06-18,44.7593,45137.0,42.7671,43.0327,19534021.7075,36.6575,40.642,39.7787,610649907.0,6.2978
600581.XSHG,2021-06-21,47.0172,45836.0,41.9038,44.9586,19358840.6096,38.5169,44.4937,41.5053,616057162.0,6.2413
600581.XSHG,2021-06-22,46.0875,33509.0,41.5053,42.1694,13686160.483,37.72,41.6381,40.2436,418565896.0,4.4124
600581.XSHG,2021-06-23,45.689,26795.0,40.7748,41.5053,9767400.5682,37.388,41.1733,40.0443,295627011.0,3.149
600581.XSHG,2021-06-24,44.8257,23575.0,39.5795,40.7748,10601120.5808,36.7239,40.5092,39.5131,315166665.0,3.4178
600581.XSHG,2021-06-25,43.564,30481.0,43.564,43.564,17024712.4692,35.595,40.0443,39.3802,534520310.0,5.4888
600581.XSHG,2021-06-28,47.9469,48029.0,42.8335,44.4273,20316961.4818,39.181,43.8296,42.7671,656016153.0,6.5502
600581.XSHG,2021-06-29,47.15,41305.0,40.5092,42.8335,13188946.7593,38.5833,42.8335,40.31,404284724.0,4.2521
600581.XSHG,2021-06-30,44.5601,32705.0,41.0405,41.3725,12235467.455,36.4583,40.7084,40.0443,370543980.0,3.9447
600581.XSHG,2021-07-01,45.1578,32122.0,39.9779,41.6381,10711589.4522,36.9231,40.9076,39.7123,322225803.0,3.4534
600581.XSHG,2021-07-02,43.9624,18358.0,39.5795,40.2436,6198911.7942,35.9934,39.2474,39.0482,183035487.0,1.9985
600581.XSHG,2021-07-05,43.564,19204.0,39.9115,40.1107,6888780.8372,35.595,39.5131,38.5169,202546650.0,2.221
600581.XSHG,2021-07-06,43.896,23977.0,40.642,41.9702,9076399.6131,35.927,40.4428,39.7787,275181470.0,2.9262
600581.XSHG,2021-07-07,44.6929,49022.0,42.103,43.0327,25282211.3361,36.5911,41.1069,40.7084,786129512.0,8.151
600581.XSHG,2021-07-08,46.2867,28809.0,40.8412,41.8374,13046150.6087,37.9193,41.5053,40.5756,399678734.0,4.2061
600581.XSHG,2021-07-09,44.9586,33682.0,41.1733,41.7045,16219689.483,36.7903,40.4428,39.2474,488688525.0,5.2292
600581.XSHG,2021-07-12,45.2906,45794.0,41.9038,43.564,19574676.8567,37.0559,41.5053,41.5053,617412698.0,6.3109
600581.XSHG,2021-07-13,46.0875,37544.0,43.3648,43.3648,16720611.7667,37.72,42.2358,41.3061,529999086.0,5.3907
600581.XSHG,2021-07-14,47.6813,36857.0,43.4312,45.025,17247722.4165,39.0482,42.7007,42.5678,560234318.0,5.5607
600581.XSHG,2021-07-15,47.7477,52113.0,47.7477,47.7477,31792678.7911,39.1146,42.7007,42.6343,1095642663.0,10.25
600581.XSHG,2021-07-16,52.5291,65334.0,50.1384,50.8025,32960401.8956,42.9663,48.8767,47.4821,1215955679.0,10.6265
600581.XSHG,2021-07-19,55.1855,63372.0,50.4705,55.1191,25743235.6417,45.1578,49.8064,49.8064,976125645.0,8.2996
600581.XSHG,2021-07-20,55.5175,45793.0,49.0759,50.1384,15703041.2296,45.4234,50.0056,48.0133,575951099.0,5.0627
600581.XSHG,2021-07-21,53.9901,51487.0,48.8102,50.4705,17574272.9782,44.1617,50.0056,47.8141,642017414.0,5.666
600581.XSHG,2021-07-22,53.7245,58261.0,50.5369,51.7986,22036982.8089,43.9624,48.8102,48.3454,824041145.0,7.1047
600581.XSHG,2021-07-23,55.5839,64779.0,49.2751,52.5955,23711012.772,45.4898,50.2048,49.0095,892169177.0,7.6445
600581.XSHG,2021-07-26,54.1893,59662.0,47.4157,50.0056,19377488.0212,44.3609,49.2751,46.3531,689276147.0,6.2473
600581.XSHG,2021-07-27,52.1307,63059.0,44.7593,48.7438,19632922.9798,42.7007,47.8141,44.5601,677863593.0,6.3297
600581.XSHG,2021-07-28,49.2087,44351.0,43.564,44.7593,11643841.6618,40.31,44.4273,41.9038,376446568.0,3.754
600581.XSHG,2021-07-29,47.9469,39816.0,45.5562,45.8219,11113171.9843,39.181,44.4273,43.9624,372071127.0,3.5829
600581.XSHG,2021-07-30,50.1384,56790.0,48.1462,48.5446,17423306.3811,40.974,45.4234,45.0914,613931868.0,5.6173
600581.XSHG,2021-08-02,52.994,40601.0,46.818,47.15,15117469.3651,43.3648,45.8219,44.4273,512654345.0,4.8739
600581.XSHG,2021-08-03,51.533,34000.0,44.3609,46.3531,10667388.2252,42.1694,45.8219,43.7632,354181196.0,3.4392
600581.XSHG,2021-08-04,48.8102,36685.0,45.7555,46.2867,10180348.3553,39.9115,44.8257,44.3609,342829220.0,3.2822
600581.XSHG,2021-08-05,50.3376,28476.0,44.3609,45.4234,7531719.438,41.1733,45.4234,43.9624,248804898.0,2.4282
600581.XSHG,2021-08-06,48.8102,28649.0,44.3609,44.8257,7384316.3203,39.9115,43.7632,42.8999,242662439.0,2.3807
600581.XSHG,2021-08-09,48.8102,27352.0,44.8257,45.1578,7962856.3277,39.9115,44.0288,43.0327,263112214.0,2.5672
600581.XSHG,2021-08-10,49.3415,26099.0,44.0952,44.8257,7757800.7641,40.3764,44.7593,43.564,254311448.0,2.5011
600581.XSHG,2021-08-11,48.4782,43176.0,46.7516,46.9508,17528613.6606,39.7123,44.7593,44.2281,593990841.0,5.6512
600581.XSHG,2021-08-12,51.4002,44047.0,47.0836,48.0133,17557272.8487,42.103,45.9547,45.4898,616616201.0,5.6605
600581.XSHG,2021-08-13,51.7986,42221.0,48.8102,49.4743,17890782.4236,42.3686,46.486,46.1539,640753514.0,5.768
600581.XSHG,2021-08-16,53.7245,36098.0,48.6774,49.6736,14044786.8104,43.9624,48.8102,47.6813,507801810.0,4.5281
600581.XSHG,2021-08-17,53.5253,36398.0,47.4821,49.4079,12939012.9257,43.8296,48.279,47.2829,465810937.0,4.1716
600581.XSHG,2021-08-18,52.2635,44086.0,48.9431,50.0056,14858903.3362,42.7671,47.4157,47.0836,541007705.0,4.7905
600581.XSHG,2021-08-19,53.8573,41612.0,47.5485,47.9469,13006516.6893,44.0288,47.4821,46.2203,456398588.0,4.1933
600581.XSHG,2021-08-20,52.3299,42153.0,49.0759,49.6736,12558900.9081,42.7671,47.6813,46.7516,449947165.0,4.049
600581.XSHG,2021-08-23,53.9901,55220.0,48.2126,50.1384,15136360.6012,44.1617,49.0759,47.9469,548690355.0,4.88
600581.XSHG,2021-08-24,53.0604,62732.0,50.8025,51.6658,19404539.5866,43.3648,48.279,47.9469,719422948.0,6.256
600581.XSHG,2021-08-25,55.916,38298.0,50.4705,50.7361,12525549.5662,45.7555,50.4041,48.9431,462908972.0,4.0383
600581.XSHG,2021-08-26,55.5175,55389.0,52.2635,53.7909,20496568.4489,45.4234,50.8025,50.8025,798475773.0,6.6081
600581.XSHG,2021-08-27,57.5098,35501.0,52.7948,53.0604,14442629.2168,47.0172,51.1345,51.1345,560095612.0,4.6563
600581.XSHG,2021-08-30,58.1074,46960.0,52.5291,53.7245,16428971.6071,47.5485,53.7245,51.1345,640117259.0,5.2967
600581.XSHG,2021-08-31,57.7754,71925.0,54.8534,54.9862,22966775.3254,47.2829,52.3963,52.1971,924795444.0,7.4045
600581.XSHG,2021-09-01,60.3653,75157.0,51.2674,56.8457,22456817.1701,49.3415,54.8534,50.9353,891262337.0,7.2401
600581.XSHG,2021-09-02,56.3808,56749.0,52.4627,52.8612,18346117.6266,46.1539,51.2674,50.2048,707332662.0,5.9148
600581.XSHG,2021-09-03,57.709,86884.0,55.916,57.709,31549262.861,47.2164,52.2635,52.1971,1303087043.0,10.1715
600581.XSHG,2021-09-06,61.4943,78173.0,55.6503,56.9785,21066742.5456,50.3376,55.1191,51.9314,853986879.0,6.7919
600581.XSHG,2021-09-07,61.2286,83694.0,61.1622,61.2286,27304893.0815,50.072,54.787,54.1893,1183309976.0,8.8031
600581.XSHG,2021-09-08,67.2718,70622.0,59.7012,61.0958,20762063.9488,55.0526,58.9707,58.1074,917828301.0,6.6937
600581.XSHG,2021-09-09,65.678,71906.0,65.678,65.678,28234245.7022,53.7245,59.5684,59.17,1337594136.0,9.1028
600581.XSHG,2021-09-10,72.2524,105085.0,70.7251,70.9243,32167191.7492,59.1036,66.3421,64.9475,1623521280.0,10.3707
600581.XSHG,2021-09-13,77.8308,88703.0,72.3189,73.7798,24241140.7747,63.6858,68.4008,68.1351,1276254359.0,7.8154
600581.XSHG,2021-09-14,79.5574,76823.0,67.6703,71.7212,19098673.0284,65.0803,70.9243,66.1429,970413299.0,6.1574
600581.XSHG,2021-09-15,74.4439,54212.0,67.2718,68.7328,12150624.2311,60.8966,67.139,66.01,609563530.0,3.9174
600581.XSHG,2021-09-16,73.9791,65805.0,67.0726,71.1899,15791180.4341,60.5646,68.5336,66.8734,809723551.0,5.0911
600581.XSHG,2021-09-17,73.7798,73198.0,64.217,68.4008,16434354.1586,60.3653,66.3421,61.295,797685623.0,5.2985
600581.XSHG,2021-09-22,70.6586,64443.0,66.01,67.2054,11009269.9835,57.7754,63.8186,63.4865,537079310.0,3.5494
600581.XSHG,2021-09-23,72.5845,65806.0,65.6116,68.1351,11710194.0883,59.4356,67.5374,64.0842,577645329.0,3.7754
600581.XSHG,2021-09-24,72.186,62494.0,61.7599,66.6077,10879575.6038,59.0372,64.5491,61.4943,513405110.0,3.5076
600581.XSHG,2021-09-27,67.9359,67973.0,58.7715,62.756,10813011.5255,55.5839,62.0255,57.1113,482160308.0,3.4861
600581.XSHG,2021-09-28,64.6819,45129.0,58.2403,59.6348,6902617.5214,52.9276,58.9043,57.1113,299864656.0,2.2254
600581.XSHG,2021-09-29,64.0842,57180.0,54.1229,58.7715,10637969.0333,52.3963,58.3731,52.7948,435012711.0,3.4297
600581.XSHG,2021-09-30,59.5684,45208.0,54.2557,55.1855,7444146.9988,48.7438,54.455,53.2596,300193939.0,2.4
600581.XSHG,2021-10-08,59.7012,55803.0,53.3924,55.3847,7975381.216,48.8102,54.6542,52.4627,316898821.0,2.5713
600581.XSHG,2021-10-11,58.7051,46313.0,52.3963,53.4588,6996719.3975,48.0798,53.326,51.0017,272326832.0,2.2558
600581.XSHG,2021-10-12,57.6426,63966.0,49.6736,53.0604,11856435.7517,47.15,52.5291,48.5446,444773456.0,3.8225
600581.XSHG,2021-10-13,54.6542,58654.0,49.2087,50.2712,8941928.7021,44.6929,50.1384,47.7477,324454498.0,2.8829
600581.XSHG,2021-10-14,54.1229,66712.0,50.6033,51.9314,12207730.5507,44.2945,49.8728,49.2751,460489678.0,3.9358
600581.XSHG,2021-10-15,55.6503,57206.0,50.4041,51.3338,9409312.4757,45.5562,50.9353,49.8728,354772927.0,3.0336
600581.XSHG,2021-10-18,55.4511,45413.0,52.1307,53.1268,9147615.9836,45.357,50.4041,49.9392,353212643.0,2.9492
600581.XSHG,2021-10-19,57.3769,52625.0,54.455,54.5214,11647478.3897,46.9508,52.1971,51.865,463010306.0,3.7552
600581.XSHG,2021-10-20,59.9005,52473.0,53.7245,54.5878,11914590.4154,49.0095,52.8612,50.3376,468847399.0,3.8413
600581.XSHG,2021-10-21,59.1036,52725.0,52.3963,54.787,14183218.1996,48.3454,53.7245,52.1307,565778130.0,4.5727
600581.XSHG,2021-10-22,57.6426,74366.0,49.0095,52.4627,14843017.9196,47.15,51.9979,48.7438,554849971.0,4.7854
600581.XSHG,2021-10-25,53.9237,53159.0,49.6071,50.6697,9874234.5328,44.0952,48.4782,48.0133,364950803.0,3.1835
600581.XSHG,2021-10-26,54.5878,39235.0,49.4079,50.5369,7458434.303,44.6265,50.2048,49.0095,275362049.0,2.4046
600581.XSHG,2021-10-27,54.3222,44017.0,47.4157,49.4079,8820621.8839,44.4937,49.4079,47.15,314312867.0,2.8438
600581.XSHG,2021-10-28,52.1307,49964.0,46.8844,47.6813,10013318.886,42.7007,47.4821,45.4234,346863202.0,3.2283
600581.XSHG,2021-10-29,51.5994,33594.0,47.0836,47.7477,7295715.3668,42.1694,47.4821,46.0875,255092731.0,2.3521
600581.XSHG,2021-11-01,51.7986,63297.0,50.1384,50.9353,15040732.8493,42.3686,48.1462,47.4157,550339301.0,4.8491
600581.XSHG,2021-11-02,55.1855,70542.0,45.8219,49.74,17236268.5347,45.1578,49.4743,45.1578,601454231.0,5.557
600581.XSHG,2021-11-03,50.4041,48807.0,45.4898,45.7555,11493284.8113,41.2397,45.7555,43.896,383390141.0,3.7054
600581.XSHG,2021-11-04,50.072,29607.0,44.6929,45.0914,7671288.4049,40.974,44.8921,44.3609,254913663.0,2.4732
600581.XSHG,2021-11-05,49.1423,45225.0,41.9038,44.1617,11229642.3773,40.2436,43.7632,41.7709,357120805.0,3.6204
600581.XSHG,2021-11-08,46.0875,37151.0,42.2358,43.2983,9051675.4079,37.72,42.0366,42.0366,286757085.0,2.9183
600581.XSHG,2021-11-09,46.486,29279.0,41.8374,42.6343,6644332.5482,37.9857,42.435,41.2397,206936427.0,2.1421
600581.XSHG,2021-11-10,46.0211,38187.0,42.0366,42.1694,9316865.3684,37.6536,41.1733,40.31,285543632.0,3.0038
600581.XSHG,2021-11-11,46.2203,49521.0,43.2319,43.7632,12488258.1828,37.8528,42.8999,42.103,399622458.0,4.0262
600581.XSHG,2021-11-12,47.5485,38751.0,41.2397,43.0327,11771967.2688,38.9154,42.7007,41.1733,366599454.0,3.7953
600581.XSHG,2021-11-15,45.357,34276.0,41.1733,41.5053,8460641.2685,37.1224,41.0405,40.2436,257891241.0,2.7277
600581.XSHG,2021-11-16,45.2906,29499.0,40.0443,41.3061,7453582.4997,37.0559,41.1733,39.9779,224794885.0,2.403
600581.XSHG,2021-11-17,44.0288,34316.0,40.0443,40.5756,9784523.3181,36.0598,40.4428,39.7787,292138251.0,3.1545
600581.XSHG,2021-11-18,44.0288,36189.0,39.9779,40.642,9451050.9745,36.0598,39.8451,39.7123,282798305.0,3.047
600581.XSHG,2021-11-19,43.9624,40531.0,40.7748,41.0405,11030192.5505,35.9934,39.9115,39.2474,330680997.0,3.5561
600581.XSHG,2021-11-22,44.8257,30477.0,41.1069,41.6381,8118353.4059,36.7239,40.974,40.642,248210355.0,2.6174
600581.XSHG,2021-11-23,45.2242,65781.0,42.8335,43.896,19584154.8498,36.9895,41.2397,40.7084,624259918.0,6.314
600581.XSHG,2021-11-24,47.15,46139.0,42.6343,43.2983,12233806.8182,38.5833,42.8335,41.7045,386147725.0,3.9442
600581.XSHG,2021-11-25,46.8844,35301.0,41.3725,42.6343,8514688.3498,38.3841,42.6343,41.3061,264106861.0,2.7451
600581.XSHG,2021-11-26,45.4898,50453.0,42.3022,43.0991,12993979.2557,37.2552,40.974,40.7084,408704914.0,4.1893
600581.XSHG,2021-11-29,46.5524,42194.0,42.0366,42.435,9475778.2148,38.0521,41.1733,40.7084,291899249.0,3.055
600581.XSHG,2021-11-30,46.2203,32081.0,41.6381,42.7671,7588676.4277,37.8528,42.1694,41.2397,237120700.0,2.4466
600581.XSHG,2021-12-01,45.8219,35007.0,42.3686,42.435,7798166.3591,37.4544,41.2397,40.9076,242186312.0,2.5141
600581.XSHG,2021-12-02,46.6188,51570.0,43.4312,43.7632,15738776.1833,38.1185,42.0366,41.5053,501660177.0,5.0742
600581.XSHG,2021-12-03,47.7477,55616.0,42.7671,43.2983,17079408.8724,39.1146,43.0991,41.5717,538800938.0,5.5064
600581.XSHG,2021-12-06,47.0172,45214.0,42.7671,44.0952,16464764.2288,38.5169,42.6343,42.6343,531655167.0,5.3083
600581.XSHG,2021-12-07,47.0172,65035.0,44.6265,45.6226,21656782.3669,38.5169,43.2319,42.1694,706906096.0,6.9822
600581.XSHG,2021-12-08,49.0759,45946.0,44.4273,44.6265,13219454.3593,40.1771,44.0952,43.6968,435598331.0,4.262
600581.XSHG,2021-12-09,48.8767,39275.0,43.896,44.7593,12065512.4968,39.9779,44.1617,43.7632,395222832.0,3.8899
600581.XSHG,2021-12-10,48.279,33973.0,43.0327,43.9624,10112939.8958,39.5131,43.8296,42.7007,325539972.0,3.2604
600581.XSHG,2021-12-13,47.3493,21892.0,43.2983,43.564,7636307.1824,38.7162,43.1655,42.8999,245888821.0,2.462
600581.XSHG,2021-12-14,47.6149,27480.0,42.3686,43.1655,7530364.3405,38.9818,43.0991,42.2358,238281431.0,2.4278
600581.XSHG,2021-12-15,46.6188,27320.0,42.5014,43.0991,6618139.933,38.1185,42.3686,42.2358,210405179.0,2.1337
600581.XSHG,2021-12-16,46.7516,74653.0,45.0914,45.1578,25735324.6002,38.2513,42.435,42.3686,851841722.0,8.2971
600581.XSHG,2021-12-17,49.6071,53875.0,44.1617,45.6226,13427099.5208,40.5756,45.0914,44.0952,447082983.0,4.3289
600581.XSHG,2021-12-20,48.611,47196.0,42.8999,44.6265,10189668.9248,39.7787,44.1617,42.8335,329651241.0,3.2852
600581.XSHG,2021-12-21,47.2164,41059.0,44.0952,44.4273,10027997.928,38.5833,42.7671,42.6343,325561522.0,3.233
600581.XSHG,2021-12-22,48.4782,30918.0,43.4312,44.0952,7266605.1541,39.7123,44.0288,43.2319,235486663.0,2.3428
600581.XSHG,2021-12-23,47.7477,43002.0,44.2281,44.6929,10964067.1539,39.1146,43.7632,43.3648,359303222.0,3.5348
600581.XSHG,2021-12-24,48.6774,42888.0,42.7671,44.1617,9873439.3211,39.7787,44.0952,42.6343,317392477.0,3.1832
600581.XSHG,2021-12-27,47.0172,31304.0,41.9702,42.5678,6981496.6573,38.5169,42.2358,41.6381,218200557.0,2.2508
600581.XSHG,2021-12-28,46.1539,27594.0,41.9038,42.2358,4862693.0361,37.7864,41.8374,41.5053,151450368.0,1.5677
600581.XSHG,2021-12-29,46.0875,23487.0,41.9702,42.5678,4275830.6219,37.72,41.7709,41.6381,134133045.0,1.3785
600581.XSHG,2021-12-30,46.1539,30412.0,41.5717,42.3022,6437184.1411,37.7864,42.103,41.5053,200040855.0,2.0754
600581.XSHG,2021-12-31,45.7555,25861.0,41.2397,41.7709,6604971.9956,37.388,41.5053,41.1733,203476026.0,2.1295
600581.XSHG,2022-01-04,45.357,31307.0,41.7709,42.0366,7642987.3656,37.1224,41.3725,41.2397,237472306.0,2.4641
600581.XSHG,2022-01-05,45.9547,30224.0,41.1069,41.9038,6706355.8259,37.5872,41.7709,40.7084,205988825.0,2.1621
600581.XSHG,2022-01-06,45.2242,32487.0,41.9038,42.5014,9701849.2214,36.9895,41.1069,40.9076,303197674.0,3.1279
600581.XSHG,2022-01-07,46.0875,60540.0,43.2983,43.7632,17163331.836,37.72,41.8374,41.7709,552689206.0,5.5335
600581.XSHG,2022-01-10,47.6149,49455.0,43.896,44.1617,10203739.3162,38.9818,43.9624,43.1655,332026094.0,3.2897
600581.XSHG,2022-01-11,48.279,75500.0,45.8219,46.818,20415510.6757,39.5131,43.7632,43.6304,696686213.0,6.582
600581.XSHG,2022-01-12,50.4041,72119.0,44.8257,45.4898,14837084.3855,41.2397,45.2242,43.896,491808200.0,4.7835
600581.XSHG,2022-01-13,49.3415,45613.0,44.6929,45.4898,10628074.6164,40.3764,44.8921,44.2945,355196486.0,3.4265
600581.XSHG,2022-01-14,49.1423,36524.0,43.1655,44.4937,7728300.8369,40.2436,44.4937,42.8335,249764241.0,2.4916
600581.XSHG,2022-01-17,47.4821,29945.0,42.435,42.8335,7090458.6733,38.849,42.6343,41.8374,223105738.0,2.286
600581.XSHG,2022-01-18,46.6852,33668.0,42.8999,43.2983,7652933.1779,38.1849,42.5014,42.0366,243153931.0,2.4673
600581.XSHG,2022-01-19,47.2164,67209.0,45.357,45.9547,23508827.4573,38.5833,44.1617,43.564,786639844.0,7.5793
600581.XSHG,2022-01-20,49.8728,56514.0,44.6265,47.0836,15902657.5855,40.8412,44.8257,44.4937,538134084.0,5.127
600581.XSHG,2022-01-21,49.0759,36319.0,44.1617,44.8921,8428635.5138,40.1771,44.2945,43.9624,278461705.0,2.7174
600581.XSHG,2022-01-24,48.611,32898.0,43.564,44.7593,7644413.4858,39.7787,44.0288,42.7007,249065782.0,2.4646
600581.XSHG,2022-01-25,47.9469,40144.0,40.8412,43.4976,10362351.6819,39.181,43.1655,40.7748,323272815.0,3.3408
600581.XSHG,2022-01-26,44.9586,39002.0,42.1694,43.2319,8553389.2612,36.7903,40.8412,40.7084,266848809.0,2.7576
600581.XSHG,2022-01-27,46.4195,35377.0,41.3061,42.435,5629658.5648,37.9857,42.1694,41.1069,174510022.0,1.815
600581.XSHG,2022-01-28,45.4234,50390.0,37.1888,38.1185,19050942.7205,37.1888,37.2552,37.1888,528454808.0,6.142
600581.XSHG,2022-02-07,40.9076,52667.0,38.5169,38.7162,15634155.2545,33.4699,36.8567,36.1262,436495140.0,5.0405
600581.XSHG,2022-02-08,42.3686,65571.0,40.5756,40.7748,16797603.2359,34.6652,38.3177,37.8528,497164735.0,5.4156
600581.XSHG,2022-02-09,44.6265,53822.0,40.8412,42.3686,11908166.8043,36.5247,40.5092,40.1107,363751358.0,3.8392
600581.XSHG,2022-02-10,44.9586,42922.0,41.0405,41.3061,9661333.6895,36.7903,40.4428,40.31,293407006.0,3.1148
600581.XSHG,2022-02-11,45.1578,49456.0,40.2436,42.0366,10835439.5315,36.9231,40.974,40.1107,329692942.0,3.4934
600581.XSHG,2022-02-14,44.2945,38964.0,39.4466,40.4428,6862919.8637,36.1926,39.5795,39.2474,203213774.0,2.2126
600581.XSHG,2022-02-15,43.3648,36194.0,39.3802,39.7787,6173905.5216,35.5285,39.4466,38.5169,179472314.0,1.9905
600581.XSHG,2022-02-16,43.2983,30991.0,39.9115,40.4428,5652958.0662,35.4621,39.5795,39.4466,168197748.0,1.8225
600581.XSHG,2022-02-17,43.896,38662.0,40.2436,41.1069,7222283.3301,35.927,39.6459,39.5131,216876878.0,2.3285
600581.XSHG,2022-02-18,44.2945,53507.0,41.9038,42.0366,13190766.8431,36.1926,39.9115,39.7123,404935007.0,4.2527
600581.XSHG,2022-02-21,46.0875,51306.0,43.2983,43.2983,11179194.9948,37.72,41.9702,41.5717,354939220.0,3.6042
600581.XSHG,2022-02-22,47.6149,42383.0,42.7007,43.8296,8836375.5747,38.9818,42.9663,42.2358,281497196.0,2.8489
600581.XSHG,2022-02-23,46.9508,33537.0,42.3022,43.0991,6871892.1992,38.4505,42.8335,41.8374,216146652.0,2.2155
600581.XSHG,2022-02-24,46.5524,43006.0,40.7748,42.435,9059532.6259,38.0521,42.103,40.1107,277807155.0,2.9208
600581.XSHG,2022-02-25,44.8257,51121.0,41.6381,42.9663,9577726.5848,36.7239,40.9076,40.9076,299810811.0,3.0879
600581.XSHG,2022-02-28,45.8219,42023.0,41.8374,42.103,5861626.2788,37.4544,41.8374,41.1069,181307547.0,1.8898
600581.XSHG,2022-03-01,46.0211,37109.0,42.2358,43.0991,6888403.8704,37.6536,41.9702,41.8374,216900396.0,2.2208
600581.XSHG,2022-03-02,46.486,35773.0,42.5014,43.1655,6959218.5881,37.9857,42.103,41.9038,220310889.0,2.2437
600581.XSHG,2022-03-03,46.7516,51591.0,43.7632,44.2281,12625550.7802,38.2513,42.8335,42.6343,408990168.0,4.0705
600581.XSHG,2022-03-04,48.1462,49278.0,43.4976,45.1578,11151524.4593,39.3802,43.6968,42.6343,361993119.0,3.5953
