order_book_id,date,limit_up,num_trades,close,high,volume,limit_down,open,low,total_turnover,turnover_rate
603801.XSHG,2017-06-30,0.0,56.0,33.8,33.8,36546.0,0.0,33.8,33.8,1235255.0,0.0914
603801.XSHG,2017-07-03,37.18,26.0,37.18,37.18,13700.0,30.42,37.18,37.18,509366.0,0.0342
603801.XSHG,2017-07-04,40.9,56.0,40.9,40.9,35360.0,33.46,40.9,40.9,1446224.0,0.0884
603801.XSHG,2017-07-05,44.99,181.0,44.99,44.99,103882.0,36.81,44.99,44.99,4673651.0,0.2597
603801.XSHG,2017-07-06,49.49,54269.0,48.42,49.49,20638652.0,40.49,49.49,46.76,993988446.0,51.5966
603801.XSHG,2017-07-07,53.26,34681.0,47.55,49.49,14986655.0,43.58,47.69,47.18,723082082.0,37.4666
603801.XSHG,2017-07-10,52.31,34140.0,43.16,45.99,12714814.0,42.8,45.35,42.8,562299787.0,31.787
603801.XSHG,2017-07-11,47.48,23489.0,44.96,46.51,10177529.0,38.84,43.14,43.14,458957974.0,25.4438
603801.XSHG,2017-07-12,49.46,13983.0,44.51,45.12,5294374.0,40.46,44.32,43.17,232798471.0,13.2359
603801.XSHG,2017-07-13,48.96,13849.0,42.9,44.58,4724106.0,40.06,44.3,42.87,205664226.0,11.8103
603801.XSHG,2017-07-14,47.19,9779.0,42.16,43.49,3649146.0,38.61,42.28,41.89,155218485.0,9.1229
603801.XSHG,2017-07-17,46.38,15087.0,41.44,43.43,6041807.0,37.94,41.92,38.15,249083896.0,15.1045
603801.XSHG,2017-07-18,45.58,7049.0,42.25,42.39,3248767.0,37.3,40.8,40.2,135394319.0,8.1219
603801.XSHG,2017-07-19,46.48,6129.0,42.45,43.25,3372488.0,38.03,41.98,41.81,144139026.0,8.4312
603801.XSHG,2017-07-20,46.7,4843.0,42.43,43.0,2618203.0,38.21,42.65,42.0,111001218.0,6.5455
603801.XSHG,2017-07-21,46.67,3434.0,42.29,42.76,1688403.0,38.19,42.37,42.01,71627815.0,4.221
603801.XSHG,2017-07-24,46.52,6794.0,43.71,44.2,2895078.0,38.06,42.22,42.02,125776603.0,7.2377
603801.XSHG,2017-07-25,48.08,3880.0,42.95,44.09,2129606.0,39.34,43.74,42.88,92262806.0,5.324
603801.XSHG,2017-07-26,47.25,3732.0,43.1,43.3,1974302.0,38.66,42.95,42.01,84241925.0,4.9358
603801.XSHG,2017-07-27,47.41,6113.0,43.95,44.39,2936044.0,38.79,42.78,42.78,128769251.0,7.3401
603801.XSHG,2017-07-28,48.35,5601.0,44.11,44.98,2509742.0,39.56,43.6,43.51,111489215.0,6.2744
603801.XSHG,2017-07-31,48.52,5289.0,43.72,44.77,2644719.0,39.7,44.11,42.86,116641351.0,6.6118
603801.XSHG,2017-08-01,48.09,4347.0,43.42,44.11,2229995.0,39.35,43.41,42.9,96727933.0,5.575
603801.XSHG,2017-08-02,47.76,5312.0,42.76,43.7,2375597.0,39.08,43.2,42.0,101158288.0,5.939
603801.XSHG,2017-08-03,47.04,2855.0,42.54,42.84,958418.0,38.48,42.46,42.0,40658893.0,2.396
603801.XSHG,2017-08-04,46.79,4477.0,41.55,42.83,1990936.0,38.29,42.43,41.08,83084297.0,4.9773
603801.XSHG,2017-08-07,45.71,4379.0,40.98,41.78,1546532.0,37.39,41.18,40.52,63578298.0,3.8663
603801.XSHG,2017-08-08,45.08,1889.0,41.0,41.37,710657.0,36.88,41.3,40.82,29164433.0,1.7766
603801.XSHG,2017-08-09,45.1,1868.0,41.38,41.8,650822.0,36.9,41.19,40.9,26943331.0,1.6271
603801.XSHG,2017-08-10,45.52,2075.0,41.05,41.62,714858.0,37.24,41.38,40.82,29488387.0,1.7871
603801.XSHG,2017-08-11,45.16,2127.0,41.0,41.28,662120.0,36.95,40.8,40.78,27179380.0,1.6553
603801.XSHG,2017-08-14,45.1,1449.0,41.63,41.8,674932.0,36.9,41.07,41.07,28087848.0,1.6873
603801.XSHG,2017-08-15,45.79,1109.0,41.71,41.98,621200.0,37.47,41.69,41.33,25894215.0,1.553
603801.XSHG,2017-08-16,45.88,1627.0,41.89,41.99,866088.0,37.54,41.83,41.5,36193939.0,2.1652
603801.XSHG,2017-08-17,46.08,1383.0,41.69,42.0,625031.0,37.7,41.83,41.57,26075880.0,1.5626
603801.XSHG,2017-08-18,45.86,1132.0,41.48,41.78,608191.0,37.52,41.6,41.02,25185445.0,1.5205
603801.XSHG,2017-08-21,45.63,925.0,41.71,42.0,666111.0,37.33,41.31,41.31,27810330.0,1.6653
603801.XSHG,2017-08-22,45.88,828.0,41.55,41.95,411362.0,37.54,41.87,41.48,17148322.0,1.0284
603801.XSHG,2017-08-23,45.71,1052.0,41.68,41.87,503393.0,37.39,41.7,41.38,20935115.0,1.2585
603801.XSHG,2017-08-24,45.85,1828.0,41.3,41.82,838812.0,37.51,41.62,41.13,34849974.0,2.097
603801.XSHG,2017-08-25,45.43,1689.0,41.91,41.94,918346.0,37.17,41.48,41.1,38265991.0,2.2959
603801.XSHG,2017-08-28,46.1,4480.0,43.71,44.42,2214856.0,37.72,42.0,41.96,96519408.0,5.5371
603801.XSHG,2017-08-29,48.08,4783.0,43.63,44.65,2590972.0,39.34,43.2,42.91,113690567.0,6.4774
603801.XSHG,2017-08-30,47.99,2763.0,43.13,44.38,1550427.0,39.27,43.25,43.01,67581421.0,3.8761
603801.XSHG,2017-08-31,47.44,3591.0,44.12,44.16,2277424.0,38.82,43.45,43.02,99542244.0,5.6936
603801.XSHG,2017-09-01,48.53,3884.0,43.63,44.97,1881241.0,39.71,44.36,43.2,82704601.0,4.7031
603801.XSHG,2017-09-04,47.99,4511.0,42.32,43.36,2397448.0,39.27,43.36,41.96,101850310.0,5.9936
603801.XSHG,2017-09-05,46.55,1899.0,42.24,42.4,1018117.0,38.09,42.1,41.79,42896974.0,2.5453
603801.XSHG,2017-09-06,46.46,2863.0,42.0,42.18,1251642.0,38.02,42.18,41.51,52454927.0,3.1291
603801.XSHG,2017-09-07,46.2,2892.0,42.0,43.18,1592913.0,37.8,41.91,41.91,67804583.0,3.9823
603801.XSHG,2017-09-08,46.2,1683.0,41.94,42.34,901174.0,37.8,42.0,41.56,37713738.0,2.2529
603801.XSHG,2017-09-11,46.13,2306.0,42.74,42.79,984600.0,37.75,41.85,41.81,41871430.0,2.4615
603801.XSHG,2017-09-12,47.01,1965.0,42.33,43.0,1159758.0,38.47,42.9,42.2,49270605.0,2.8994
603801.XSHG,2017-09-13,46.56,1493.0,42.3,42.48,747810.0,38.1,42.2,41.9,31516792.0,1.8695
603801.XSHG,2017-09-14,46.53,1356.0,42.52,42.65,748393.0,38.07,42.3,42.1,31750973.0,1.871
603801.XSHG,2017-09-15,46.77,2788.0,43.03,43.3,1656455.0,38.27,42.5,42.31,71134408.0,4.1411
603801.XSHG,2017-09-18,47.33,3515.0,43.82,44.0,1565878.0,38.73,42.83,42.7,68146899.0,3.9147
603801.XSHG,2017-09-19,48.2,2338.0,43.11,43.91,1213936.0,39.44,43.77,42.83,52522959.0,3.0348
603801.XSHG,2017-09-20,47.42,1967.0,42.92,43.3,1050046.0,38.8,43.03,42.86,45202630.0,2.6251
603801.XSHG,2017-09-21,47.21,2854.0,42.11,43.2,1296006.0,38.63,43.14,42.02,55255229.0,3.24
603801.XSHG,2017-09-22,46.32,2386.0,42.16,42.4,1081297.0,37.9,41.85,41.6,45397054.0,2.7032
603801.XSHG,2017-09-25,46.38,1279.0,42.07,42.45,588552.0,37.94,42.05,41.72,24853428.0,1.4714
603801.XSHG,2017-09-26,46.28,2964.0,41.33,42.41,1232996.0,37.86,42.41,41.2,51528770.0,3.0825
603801.XSHG,2017-09-27,45.46,1167.0,41.66,41.81,448136.0,37.2,41.42,41.3,18652307.0,1.1203
603801.XSHG,2017-09-28,45.83,1091.0,41.61,41.87,392452.0,37.49,41.57,41.51,16358301.0,0.9811
603801.XSHG,2017-09-29,45.77,988.0,41.84,41.97,361895.0,37.45,41.66,41.6,15120693.0,0.9047
603801.XSHG,2017-10-09,46.02,2438.0,42.88,43.88,1159108.0,37.66,42.0,41.95,49994482.0,2.8978
603801.XSHG,2017-10-10,47.17,4886.0,44.25,44.66,2345903.0,38.59,42.6,42.6,102904168.0,5.8648
603801.XSHG,2017-10-11,48.68,5085.0,45.62,46.37,2772530.0,39.83,44.31,43.84,125231921.0,6.9313
603801.XSHG,2017-10-12,50.18,4525.0,45.22,45.62,1492000.0,41.06,45.62,44.37,66914391.0,3.73
603801.XSHG,2017-10-13,49.74,4783.0,44.83,46.78,2055991.0,40.7,45.3,44.75,93983505.0,5.14
603801.XSHG,2017-10-16,49.31,2846.0,45.39,46.46,1494252.0,40.35,45.3,44.56,68006490.0,3.7356
603801.XSHG,2017-10-17,49.93,3382.0,46.26,46.52,1427392.0,40.85,45.02,44.57,65458061.0,3.5685
603801.XSHG,2017-10-18,50.89,2674.0,46.1,47.47,1535540.0,41.63,46.2,45.68,71606542.0,3.8388
603801.XSHG,2017-10-19,50.71,3215.0,46.91,47.04,1061624.0,41.49,46.2,45.69,49415003.0,2.6541
603801.XSHG,2017-10-20,51.6,1310.0,45.96,46.99,785579.0,42.22,46.65,45.55,36168944.0,1.9639
603801.XSHG,2017-10-23,50.56,2522.0,47.64,47.77,1274732.0,41.36,45.96,45.82,59858124.0,3.1868
603801.XSHG,2017-10-24,52.4,2097.0,46.79,47.7,1308411.0,42.88,47.69,45.98,61505497.0,3.271
603801.XSHG,2017-10-25,51.47,2422.0,48.04,48.41,1227564.0,42.11,46.9,46.23,58771229.0,3.0689
603801.XSHG,2017-10-26,52.84,2996.0,48.69,49.28,1625567.0,43.24,48.3,47.58,78657712.0,4.0639
603801.XSHG,2017-10-27,53.56,5576.0,51.42,52.46,2968742.0,43.82,48.69,48.69,150622572.0,7.4219
603801.XSHG,2017-10-30,56.56,4593.0,51.6,52.5,2825289.0,46.28,51.49,51.01,146251734.0,7.0632
603801.XSHG,2017-10-31,56.76,2974.0,51.28,51.85,1388521.0,46.44,51.55,50.15,70835756.0,3.4713
603801.XSHG,2017-11-01,56.41,2821.0,51.6,51.68,1563588.0,46.15,51.28,50.77,80030455.0,3.909
603801.XSHG,2017-11-02,56.76,3369.0,50.05,51.5,1823608.0,46.44,51.0,49.88,91739107.0,4.559
603801.XSHG,2017-11-03,55.06,3994.0,48.64,50.53,1583756.0,45.05,49.6,48.4,78168236.0,3.9594
603801.XSHG,2017-11-06,53.5,3279.0,50.61,51.0,1544227.0,43.78,48.98,48.8,77172405.0,3.8606
603801.XSHG,2017-11-07,55.67,2018.0,51.07,51.38,1068533.0,45.55,50.9,49.6,54302393.0,2.6713
603801.XSHG,2017-11-08,56.18,1794.0,50.54,51.7,865582.0,45.96,50.89,50.3,44272780.0,2.164
603801.XSHG,2017-11-09,55.59,2599.0,52.24,52.3,1332361.0,45.49,51.03,50.33,68580249.0,3.3309
603801.XSHG,2017-11-10,57.46,2339.0,52.21,53.2,1049841.0,47.02,52.08,51.93,55111210.0,2.6246
603801.XSHG,2017-11-13,57.43,3262.0,55.06,55.38,1480344.0,46.99,52.09,52.0,79818607.0,3.7009
603801.XSHG,2017-11-14,60.57,2687.0,53.42,55.21,1332243.0,49.55,55.21,52.98,71827812.0,3.3306
603801.XSHG,2017-11-15,58.76,2774.0,54.71,55.16,1286114.0,48.08,53.23,52.82,69621187.0,3.2153
603801.XSHG,2017-11-16,60.18,3171.0,56.47,58.8,1446162.0,49.24,54.72,54.7,81932518.0,3.6154
603801.XSHG,2017-11-17,62.12,4052.0,54.56,56.48,1358115.0,50.82,55.8,53.5,74573413.0,3.3953
603801.XSHG,2017-11-20,60.02,2329.0,55.9,55.99,1037831.0,49.1,54.4,53.52,57260824.0,2.5946
603801.XSHG,2017-11-21,61.49,5030.0,53.74,56.79,1837963.0,50.31,55.81,52.7,99654929.0,4.5949
603801.XSHG,2017-11-22,59.11,2745.0,52.9,53.78,1126538.0,48.37,53.3,52.02,59618262.0,2.8163
603801.XSHG,2017-11-23,58.19,3472.0,49.48,52.8,1461748.0,47.61,52.8,49.42,74104958.0,3.6544
603801.XSHG,2017-11-24,54.43,1897.0,49.36,50.47,941394.0,44.53,48.41,48.4,46576059.0,2.3535
603801.XSHG,2017-11-27,54.3,2791.0,48.25,49.98,795718.0,44.42,49.21,48.0,39035871.0,1.9893
603801.XSHG,2017-11-28,53.08,1781.0,50.36,50.38,876258.0,43.43,48.49,48.25,43546532.0,2.1906
603801.XSHG,2017-11-29,55.4,1588.0,49.96,50.94,620460.0,45.32,50.6,49.68,31171317.0,1.5512
603801.XSHG,2017-11-30,54.96,1288.0,49.4,50.58,627400.0,44.96,50.25,49.21,31211971.0,1.5685
603801.XSHG,2017-12-01,54.34,1340.0,50.58,50.78,618285.0,44.46,48.98,48.98,31107829.0,1.5457
603801.XSHG,2017-12-04,55.64,2474.0,48.11,50.49,1062444.0,45.52,50.49,48.01,52056727.0,2.6561
603801.XSHG,2017-12-05,52.92,1527.0,47.97,48.98,711371.0,43.3,48.05,47.6,34288941.0,1.7784
603801.XSHG,2017-12-06,52.77,1485.0,48.34,48.7,664396.0,43.17,48.0,47.03,31768304.0,1.661
603801.XSHG,2017-12-07,53.17,1127.0,48.0,48.8,450436.0,43.51,48.35,48.0,21765041.0,1.1261
603801.XSHG,2017-12-08,52.8,2355.0,48.37,48.88,1010077.0,43.2,48.29,47.63,48876498.0,2.5252
603801.XSHG,2017-12-11,53.21,1790.0,49.95,50.1,845248.0,43.53,48.75,48.51,41768135.0,2.1131
603801.XSHG,2017-12-12,54.95,2356.0,48.29,50.39,1055597.0,44.96,49.9,48.2,51919146.0,2.639
603801.XSHG,2017-12-13,53.12,1594.0,49.19,49.36,767749.0,43.46,48.5,48.1,37383544.0,1.9194
603801.XSHG,2017-12-14,54.11,2692.0,50.49,51.28,1308771.0,44.27,49.48,48.83,65874661.0,3.2719
603801.XSHG,2017-12-15,55.54,3149.0,50.76,52.5,1396630.0,45.44,51.0,50.5,71881561.0,3.4916
603801.XSHG,2017-12-18,55.84,2291.0,50.76,52.3,954518.0,45.68,50.6,50.04,48500912.0,2.3863
603801.XSHG,2017-12-19,55.84,3959.0,53.03,53.69,2068956.0,45.68,50.8,50.52,107950025.0,5.1724
603801.XSHG,2017-12-20,58.33,2201.0,52.98,53.37,985034.0,47.73,52.5,52.2,52010586.0,2.4626
603801.XSHG,2017-12-21,58.28,3791.0,54.08,55.49,1490416.0,47.68,53.0,52.68,80814956.0,3.726
603801.XSHG,2017-12-22,59.49,2012.0,54.3,54.79,718346.0,48.67,54.08,53.75,38967332.0,1.7959
603801.XSHG,2017-12-25,59.73,2585.0,52.88,54.68,982729.0,48.87,54.2,52.62,52460374.0,2.4568
603801.XSHG,2017-12-26,58.17,2864.0,53.23,54.0,1277423.0,47.59,52.88,52.79,68119658.0,3.1936
603801.XSHG,2017-12-27,58.55,2810.0,51.79,53.45,1082287.0,47.91,53.2,50.91,56571682.0,2.7057
603801.XSHG,2017-12-28,56.97,1668.0,51.8,52.35,841117.0,46.61,51.82,51.2,43566333.0,2.1028
603801.XSHG,2017-12-29,56.98,1282.0,51.68,52.24,502771.0,46.62,51.99,51.24,26011170.0,1.2569
603801.XSHG,2018-01-02,56.85,3216.0,52.14,53.18,1582415.0,46.51,52.0,51.7,82799415.0,3.956
603801.XSHG,2018-01-03,57.35,3707.0,51.63,52.4,1683643.0,46.93,52.01,51.16,87052604.0,4.2091
603801.XSHG,2018-01-04,56.79,3974.0,54.01,54.14,1839793.0,46.47,51.72,51.39,97230814.0,4.5995
603801.XSHG,2018-01-05,59.41,3598.0,53.86,54.88,1726902.0,48.61,54.0,53.52,93467104.0,4.3173
603801.XSHG,2018-01-08,59.25,2931.0,54.52,55.0,1414140.0,48.47,54.15,53.82,76803509.0,3.5354
603801.XSHG,2018-01-09,59.97,3175.0,55.91,56.27,1252586.0,49.07,54.26,54.26,69527482.0,3.1315
603801.XSHG,2018-01-10,61.5,2603.0,55.08,56.3,1494549.0,50.32,55.19,54.9,83009807.0,3.7364
603801.XSHG,2018-01-11,60.59,2785.0,53.91,55.73,1408688.0,49.57,55.4,53.6,76918201.0,3.5217
603801.XSHG,2018-01-12,59.3,1503.0,54.52,54.8,724517.0,48.52,54.15,53.96,39396326.0,1.8113
603801.XSHG,2018-01-15,59.97,3607.0,55.27,56.08,1569805.0,49.07,54.5,54.3,86917858.0,3.9245
603801.XSHG,2018-01-16,60.8,3564.0,56.08,56.67,1462009.0,49.74,55.26,54.63,81812882.0,3.655
603801.XSHG,2018-01-17,61.69,2564.0,55.68,57.0,1031473.0,50.47,55.87,55.01,57593040.0,2.5787
603801.XSHG,2018-01-18,61.25,3601.0,57.04,57.39,1512618.0,50.11,55.98,55.69,85685308.0,3.7815
603801.XSHG,2018-01-19,62.74,2764.0,56.55,57.6,995714.0,51.34,57.3,56.2,56571413.0,2.4893
603801.XSHG,2018-01-22,62.21,4047.0,55.98,56.54,1397057.0,50.9,56.53,55.01,78075829.0,3.4926
603801.XSHG,2018-01-23,61.58,2003.0,56.03,56.66,896468.0,50.38,55.62,55.61,50271231.0,2.2412
603801.XSHG,2018-01-24,61.63,2923.0,54.94,56.0,1223547.0,50.43,55.7,54.53,67337984.0,3.0589
603801.XSHG,2018-01-25,60.43,1518.0,54.92,55.45,802660.0,49.45,54.95,54.65,44146087.0,2.0066
603801.XSHG,2018-01-26,60.41,1901.0,55.89,55.98,1026350.0,49.43,54.88,54.7,57017100.0,2.5659
603801.XSHG,2018-01-29,61.48,2589.0,55.11,56.83,1051235.0,50.3,55.88,54.85,58647498.0,2.6281
603801.XSHG,2018-01-30,60.62,1941.0,54.93,56.28,839468.0,49.6,55.16,54.57,46586156.0,2.0987
603801.XSHG,2018-01-31,60.42,4729.0,58.0,58.78,2271981.0,49.44,54.9,54.63,130027202.0,5.68
603801.XSHG,2018-02-01,63.8,3793.0,58.38,59.48,1795652.0,52.2,58.01,56.9,104599664.0,4.4891
603801.XSHG,2018-02-02,64.22,2699.0,59.04,59.18,1233969.0,52.54,57.5,56.5,71578816.0,3.0849
603801.XSHG,2018-02-05,64.94,3420.0,58.24,59.15,1186932.0,53.14,58.01,57.55,69333493.0,2.9673
603801.XSHG,2018-02-06,64.06,5121.0,52.92,57.32,2348182.0,52.42,57.0,52.42,128037043.0,5.8705
603801.XSHG,2018-02-07,58.21,3046.0,52.49,54.98,1411536.0,47.63,54.1,50.22,75401376.0,3.5288
603801.XSHG,2018-02-08,57.74,1552.0,53.75,53.78,690654.0,47.24,52.5,51.51,36637238.0,1.7266
603801.XSHG,2018-02-09,59.13,3270.0,51.89,53.95,1662862.0,48.38,51.7,50.0,86910433.0,4.1572
603801.XSHG,2018-02-12,57.08,2981.0,55.94,56.66,1703280.0,46.7,53.0,52.56,93510035.0,4.2582
603801.XSHG,2018-02-13,61.53,4129.0,60.1,60.2,1950940.0,50.35,56.77,56.77,115230912.0,4.8774
603801.XSHG,2018-02-14,66.11,5418.0,61.8,62.33,1612611.0,54.09,60.1,59.28,99092216.0,4.0315
603801.XSHG,2018-02-22,67.98,4263.0,62.58,64.19,1280362.0,55.62,61.8,61.25,80489051.0,3.2009
603801.XSHG,2018-02-23,68.84,3954.0,61.51,63.38,1151926.0,56.32,62.13,61.33,71316712.0,2.8798
603801.XSHG,2018-02-26,67.66,2517.0,61.81,62.99,1069016.0,55.36,62.24,60.53,65874977.0,2.6725
603801.XSHG,2018-02-27,67.99,3892.0,60.14,62.94,2086165.0,55.63,62.12,59.54,126186752.0,5.2154
603801.XSHG,2018-02-28,66.15,2462.0,60.16,60.69,1225166.0,54.13,59.24,59.15,73708905.0,3.0629
603801.XSHG,2018-03-01,66.18,2495.0,60.96,61.77,1225200.0,54.14,60.28,59.84,74475963.0,3.063
603801.XSHG,2018-03-02,67.06,2884.0,62.72,63.0,1002818.0,54.86,60.41,60.03,61858343.0,2.507
603801.XSHG,2018-03-05,68.99,3550.0,63.24,64.48,1284155.0,56.45,62.11,62.11,81572738.0,3.2104
603801.XSHG,2018-03-06,69.56,2688.0,63.29,63.7,942012.0,56.92,62.88,62.66,59382604.0,2.355
603801.XSHG,2018-03-07,69.62,1673.0,62.52,63.0,656398.0,56.96,63.0,61.9,40999381.0,1.641
603801.XSHG,2018-03-08,68.77,2383.0,64.87,64.95,988364.0,56.27,62.9,61.96,62605531.0,2.4709
603801.XSHG,2018-03-09,71.36,2940.0,65.87,66.7,1027168.0,58.38,65.3,64.06,67314236.0,2.5679
603801.XSHG,2018-03-12,72.46,1831.0,65.83,66.66,706409.0,59.28,65.9,65.01,46408479.0,1.766
603801.XSHG,2018-03-13,72.41,2320.0,68.0,68.03,843832.0,59.25,65.83,65.7,56901633.0,2.1096
603801.XSHG,2018-03-14,74.8,2061.0,68.28,68.67,972499.0,61.2,67.99,67.18,66035471.0,2.4312
603801.XSHG,2018-03-15,75.11,2978.0,67.16,69.0,920262.0,61.45,68.28,66.6,62117551.0,2.3007
603801.XSHG,2018-03-16,73.88,3031.0,67.73,68.55,1192254.0,60.44,66.34,65.66,80400776.0,2.9806
603801.XSHG,2018-03-19,74.5,3436.0,69.8,70.72,1227563.0,60.96,68.15,68.0,85378470.0,3.0689
603801.XSHG,2018-03-20,76.78,2506.0,69.76,70.73,781793.0,62.82,69.14,68.5,54489117.0,1.9545
603801.XSHG,2018-03-21,76.74,2650.0,68.8,69.5,932317.0,62.78,69.12,67.55,64067974.0,2.3308
603801.XSHG,2018-03-22,75.68,1858.0,68.2,69.48,609719.0,61.92,68.54,68.01,41864689.0,1.5243
603801.XSHG,2018-03-23,75.02,4072.0,67.19,69.25,1475112.0,61.38,65.98,65.1,99259423.0,3.6878
603801.XSHG,2018-03-26,73.91,3586.0,67.76,67.99,1583318.0,60.47,65.05,65.05,106097752.0,3.9583
603801.XSHG,2018-03-27,74.54,3701.0,66.93,68.91,1415477.0,60.98,68.5,65.71,95242629.0,3.5387
603801.XSHG,2018-03-28,73.62,3383.0,65.08,66.58,1231900.0,60.24,66.14,64.8,80561971.0,3.0798
603801.XSHG,2018-03-29,71.59,3019.0,65.66,66.2,1217089.0,58.57,65.2,62.53,78490198.0,3.0427
603801.XSHG,2018-03-30,72.23,2744.0,66.14,67.38,1025090.0,59.09,65.18,65.18,68157554.0,2.5627
603801.XSHG,2018-04-02,72.75,3051.0,67.48,68.5,1224005.0,59.53,67.0,66.24,82841074.0,3.06
603801.XSHG,2018-04-03,74.23,1642.0,68.01,68.18,558334.0,60.73,67.4,66.57,37597841.0,1.3958
603801.XSHG,2018-04-04,74.81,3183.0,65.62,68.57,1017336.0,61.21,68.57,65.56,67743164.0,2.5433
603801.XSHG,2018-04-09,72.18,3304.0,62.96,65.18,1202772.0,59.06,65.0,60.5,75918901.0,3.0069
603801.XSHG,2018-04-10,69.26,1902.0,64.39,64.58,695958.0,56.66,63.34,62.65,44319495.0,1.7399
603801.XSHG,2018-04-11,70.83,1370.0,64.47,65.1,470225.0,57.95,64.77,63.5,30338195.0,1.1756
603801.XSHG,2018-04-12,70.92,2020.0,64.87,65.76,631228.0,58.02,64.4,63.8,41048628.0,1.5781
603801.XSHG,2018-04-13,71.36,1742.0,64.0,65.63,564308.0,58.38,65.0,63.8,36421272.0,1.4108
603801.XSHG,2018-04-16,70.4,2094.0,65.01,65.1,740163.0,57.6,63.33,63.33,47811088.0,1.8504
603801.XSHG,2018-04-17,71.51,1832.0,63.21,65.38,662700.0,58.51,65.01,63.0,42280940.0,1.6568
603801.XSHG,2018-04-18,69.53,1706.0,63.61,63.9,604927.0,56.89,63.66,61.84,38146495.0,1.5123
603801.XSHG,2018-04-19,69.97,1427.0,63.64,64.49,524771.0,57.25,63.68,63.56,33569868.0,1.3119
603801.XSHG,2018-04-20,70.0,1639.0,61.86,63.58,663119.0,57.28,63.5,61.83,41503192.0,1.6578
603801.XSHG,2018-04-23,68.05,4095.0,58.44,61.0,1479938.0,55.67,60.9,57.35,87360300.0,3.6998
603801.XSHG,2018-04-24,64.28,2443.0,61.03,61.08,764552.0,52.6,58.6,58.6,45938988.0,1.9114
603801.XSHG,2018-04-25,67.13,2518.0,63.1004,63.2216,730418.0,54.9301,61.6057,60.5958,45044648.0,1.826
603801.XSHG,2018-04-26,69.4125,3115.0,59.4647,62.4137,1328200.0,56.7884,61.6057,58.8789,79724691.0,3.3205
603801.XSHG,2018-04-27,65.4132,2336.0,61.2321,61.9087,931746.0,53.5162,60.1009,60.1009,56599568.0,2.3294
603801.XSHG,2018-05-02,67.3522,3903.0,60.01,61.2826,1540102.0,55.1119,61.2523,58.8284,91232430.0,3.8503
603801.XSHG,2018-05-03,66.009,2523.0,61.0705,61.1816,765566.0,54.0111,59.8384,59.4647,45763113.0,1.9139
603801.XSHG,2018-05-04,67.1805,1922.0,60.5756,62.2117,618709.0,54.9604,60.7877,60.4746,37426075.0,1.5468
603801.XSHG,2018-05-07,66.6352,3262.0,60.5958,61.1917,1632625.0,54.516,60.5049,58.8789,96852087.0,4.0816
603801.XSHG,2018-05-08,66.6554,3455.0,62.343,62.4137,1490272.0,54.5362,60.5958,60.1918,90187519.0,3.7257
603801.XSHG,2018-05-09,68.5742,3766.0,62.5551,63.9791,1195158.0,56.1117,62.6258,61.6057,74261486.0,2.9879
603801.XSHG,2018-05-10,68.8065,3262.0,63.2317,63.262,1680918.0,56.3036,62.5854,61.6057,103664825.0,4.2023
603801.XSHG,2018-05-11,69.5539,3362.0,63.2418,64.5951,1390969.0,56.9096,63.1307,62.6662,87918117.0,3.4774
603801.XSHG,2018-05-14,69.564,5377.0,59.4041,62.6056,2904573.0,56.9197,62.3632,59.3031,174158365.0,7.2614
603801.XSHG,2018-05-15,65.3425,2392.0,60.2322,60.3938,1347492.0,53.4657,59.2829,58.9799,79978895.0,3.3687
603801.XSHG,2018-05-16,66.2514,3997.0,59.596,60.515,1601292.0,54.213,60.3736,58.0508,93648050.0,4.0032
603801.XSHG,2018-05-17,65.5546,2426.0,58.5355,59.6061,959003.0,53.6374,59.1314,58.2023,55671425.0,2.3975
603801.XSHG,2018-05-18,64.3931,2640.0,59.091,59.2425,1175420.0,52.6779,58.3639,56.9601,67551264.0,2.9386
603801.XSHG,2018-05-21,64.9991,1461.0,59.1314,59.7677,659032.0,53.1829,59.3637,58.5759,38548778.0,1.6476
603801.XSHG,2018-05-22,65.0496,2290.0,60.3231,60.7776,925992.0,53.2233,59.1314,58.586,54640113.0,2.315
603801.XSHG,2018-05-23,66.3524,2268.0,59.596,61.2018,1057509.0,54.2938,60.2928,59.4849,63262473.0,2.6438
603801.XSHG,2018-05-24,65.5546,2410.0,57.465,59.596,965310.0,53.6374,59.3839,57.0812,55630668.0,2.4133
603801.XSHG,2018-05-25,63.2115,3291.0,55.2331,58.2629,1414900.0,51.7185,57.061,54.5362,78886330.0,3.5372
603801.XSHG,2018-05-28,60.7574,4949.0,52.8193,54.5463,2143628.0,49.7088,54.0616,51.7084,112559900.0,5.3591
603801.XSHG,2018-05-29,58.1013,5145.0,54.3948,54.4857,1658227.0,47.5374,52.2942,52.2942,88401489.0,4.1456
603801.XSHG,2018-05-30,59.8384,2389.0,54.0717,55.1321,861927.0,48.9513,53.9303,53.0213,46150406.0,2.1548
603801.XSHG,2018-05-31,59.4748,2822.0,54.9705,55.0412,1246645.0,48.6685,53.7081,52.0114,66165747.0,3.1166
603801.XSHG,2018-06-01,60.4645,2070.0,54.4756,56.2026,947100.0,49.4765,54.3241,53.8091,51335341.0,2.3678
603801.XSHG,2018-06-04,59.9191,2781.0,55.5562,55.6471,1269900.0,49.0321,54.3645,53.1728,68668636.0,3.1748
603801.XSHG,2018-06-05,61.1109,1978.0,56.2228,56.5157,893500.0,50.0016,55.637,55.1422,49392947.0,2.2338
603801.XSHG,2018-06-06,61.8481,2506.0,55.6471,56.7278,782700.0,50.5975,56.1925,55.021,43270374.0,1.9568
603801.XSHG,2018-06-07,61.2119,1927.0,55.7178,56.2531,683536.0,50.0824,55.5966,55.4452,37781071.0,1.7088
603801.XSHG,2018-06-08,61.2927,1250.0,55.2735,55.9097,445100.0,50.143,55.5562,54.7382,24360203.0,1.1127
603801.XSHG,2018-06-11,60.7978,1974.0,55.6673,57.465,512300.0,49.7492,54.0313,53.9101,28444201.0,1.2808
603801.XSHG,2018-06-12,61.2321,1807.0,55.3139,56.5359,495000.0,50.1026,55.839,54.2332,27164800.0,1.2375
603801.XSHG,2018-06-13,60.8483,1077.0,55.122,56.1016,325306.0,49.7794,55.3947,54.8594,17864424.0,0.8133
603801.XSHG,2018-06-14,60.6362,1359.0,53.799,55.2129,430700.0,49.6078,55.0917,53.7283,23190323.0,1.0768
603801.XSHG,2018-06-15,59.1819,1505.0,52.789,54.5261,420306.0,48.416,54.0818,52.3245,22171236.0,1.0508
603801.XSHG,2018-06-19,58.071,2014.0,50.3046,53.5263,788700.0,47.5071,52.0215,48.9816,39765157.0,1.9718
603801.XSHG,2018-06-20,55.3341,1522.0,50.3854,51.5064,609100.0,45.2752,50.2743,49.2846,30447963.0,1.5228
603801.XSHG,2018-06-21,55.425,2673.0,47.0122,50.4864,1130746.0,45.3459,50.3955,46.4568,54080466.0,2.8269
603801.XSHG,2018-06-22,51.7185,3661.0,47.4869,48.7695,1187014.0,42.3161,46.9516,45.0025,54498106.0,2.9675
603801.XSHG,2018-06-25,52.2336,1667.0,46.2952,48.4564,661956.0,42.7402,47.5879,46.1538,31029068.0,1.6549
603801.XSHG,2018-06-26,50.9207,1818.0,46.4669,47.0223,849100.0,41.6697,45.5074,44.8409,38655294.0,2.1228
603801.XSHG,2018-06-27,51.1126,1160.0,46.3053,46.6386,606364.0,41.8212,46.4467,45.4065,27755847.0,1.5159
603801.XSHG,2018-06-28,50.9409,1163.0,45.1136,46.8406,416100.0,41.6798,46.2447,45.0429,18939075.0,1.0402
603801.XSHG,2018-06-29,49.628,1497.0,45.9316,46.0124,618700.0,40.5992,44.5682,44.5682,27848682.0,1.5468
603801.XSHG,2018-07-02,50.5268,2348.0,43.8512,45.9013,828706.0,41.3364,45.8508,43.5886,36834268.0,0.9957
603801.XSHG,2018-07-03,48.2343,1855.0,44.5379,44.6288,596121.0,39.4681,43.8411,42.922,25882227.0,0.7163
603801.XSHG,2018-07-04,48.9917,1803.0,43.3765,44.851,500609.0,40.0841,44.851,43.2553,21714866.0,0.6015
603801.XSHG,2018-07-05,47.7192,1704.0,41.1042,43.7098,527875.0,39.0439,43.427,40.9729,22279899.0,0.6343
603801.XSHG,2018-07-06,45.2146,2312.0,43.0634,43.932,828221.0,36.9937,40.4376,40.4376,34781476.0,0.9952
603801.XSHG,2018-07-09,47.3657,1913.0,44.1642,44.4369,647200.0,38.7611,42.8412,42.7099,27989907.0,0.7776
603801.XSHG,2018-07-10,48.5776,1231.0,43.6896,44.5278,361134.0,39.7508,44.1642,43.2856,15598908.0,0.4339
603801.XSHG,2018-07-11,48.0626,1818.0,41.3869,43.6896,641675.0,39.3166,43.6896,40.8618,26584238.0,0.771
603801.XSHG,2018-07-12,45.5276,2739.0,44.1945,44.2147,904316.0,37.2462,40.4982,40.4982,38850958.0,1.0866
603801.XSHG,2018-07-13,48.618,2298.0,44.5783,45.2449,740299.0,39.771,43.6391,43.5381,32567515.0,0.8895
603801.XSHG,2018-07-16,49.0321,1531.0,43.3361,44.4369,487599.0,40.1245,44.4369,43.0735,21021537.0,0.5859
603801.XSHG,2018-07-17,47.6687,1578.0,43.2149,43.6088,480199.0,39.0035,43.427,42.6089,20415576.0,0.577
603801.XSHG,2018-07-18,47.5374,1385.0,42.407,43.5785,390500.0,38.8924,43.2048,42.3161,16630493.0,0.4692
603801.XSHG,2018-07-19,46.6487,1352.0,41.5283,42.6998,455629.0,38.1653,42.0939,40.781,18779985.0,0.5475
603801.XSHG,2018-07-20,45.6791,1240.0,42.4474,42.72,433122.0,37.3775,41.4576,41.4576,18071289.0,0.5204
603801.XSHG,2018-07-23,46.6891,1602.0,41.5182,42.104,583609.0,38.2057,41.5182,40.9224,23910190.0,0.7012
603801.XSHG,2018-07-24,45.669,1885.0,42.7806,43.1139,684935.0,37.3674,41.599,41.599,28823072.0,0.823
603801.XSHG,2018-07-25,47.0627,2715.0,43.7603,44.4167,988399.0,38.4985,42.9826,42.5181,42693623.0,1.1876
603801.XSHG,2018-07-26,48.1333,1632.0,43.7401,44.1945,574200.0,39.3873,43.7603,43.427,24897939.0,0.6899
603801.XSHG,2018-07-27,48.1131,1176.0,42.8311,44.1036,331640.0,39.3671,43.8411,41.4071,14117586.0,0.3985
603801.XSHG,2018-07-30,47.1132,1234.0,41.7202,43.2048,485627.0,38.549,43.1139,41.3061,20157066.0,0.5835
603801.XSHG,2018-07-31,45.8912,1009.0,41.8111,42.508,275800.0,37.5492,41.4778,41.4778,11482481.0,0.3314
603801.XSHG,2018-08-01,45.9922,982.0,40.8012,42.3767,318959.0,37.63,41.5384,40.6497,13066363.0,0.3832
603801.XSHG,2018-08-02,44.8813,2164.0,38.6298,40.8921,758200.0,36.7211,40.6295,37.1654,28854314.0,0.911
603801.XSHG,2018-08-03,42.4979,1369.0,37.0341,38.8722,426600.0,34.7719,38.8722,36.9735,15874360.0,0.5126
603801.XSHG,2018-08-06,40.7406,1521.0,37.0644,37.8623,400854.0,33.3277,36.6908,36.3777,14743883.0,0.4816
603801.XSHG,2018-08-07,40.7709,2023.0,37.4482,37.6502,772800.0,33.358,37.024,35.1557,27791174.0,0.9286
603801.XSHG,2018-08-08,41.195,1373.0,35.4384,37.3068,550900.0,33.7014,37.2563,35.4081,19837996.0,0.6619
603801.XSHG,2018-08-09,38.9833,1409.0,36.3171,36.5595,501508.0,31.8936,35.6303,35.5192,18033183.0,0.6026
603801.XSHG,2018-08-10,39.9528,1287.0,37.0341,38.135,487435.0,32.6813,36.6504,36.5595,17950991.0,0.5857
603801.XSHG,2018-08-13,40.7406,988.0,37.0947,37.1654,272900.0,33.3277,36.9735,36.3979,9949666.0,0.3279
603801.XSHG,2018-08-14,40.8012,931.0,36.9129,37.4482,252840.0,33.3883,36.6807,36.6807,9298702.0,0.3038
603801.XSHG,2018-08-15,40.6093,1631.0,35.8222,36.9735,481435.0,33.2267,36.8018,35.3778,17118212.0,0.5785
603801.XSHG,2018-08-16,39.4075,1333.0,35.1456,35.8121,486731.0,32.237,35.3375,34.9941,17016505.0,0.5848
603801.XSHG,2018-08-17,38.6601,1062.0,33.7519,35.5192,381492.0,31.631,35.1456,33.6913,13057214.0,0.4584
603801.XSHG,2018-08-20,37.125,1608.0,33.9639,34.4992,514044.0,30.3787,33.8226,32.6005,16984551.0,0.6177
603801.XSHG,2018-08-21,37.3573,763.0,34.0851,34.6406,238534.0,30.5706,33.9538,33.7418,8072458.0,0.2866
603801.XSHG,2018-08-22,37.4987,751.0,33.661,34.0245,263600.0,30.6817,34.0245,33.3681,8783034.0,0.3167
603801.XSHG,2018-08-23,37.024,757.0,34.075,34.1356,247821.0,30.2979,33.6307,33.4388,8309063.0,0.2978
603801.XSHG,2018-08-24,37.4785,916.0,33.8428,34.2164,221006.0,30.6716,34.1154,33.7014,7434692.0,0.2656
603801.XSHG,2018-08-27,37.226,1103.0,34.8224,34.8527,381687.0,30.4595,33.9034,33.8428,13040304.0,0.4586
603801.XSHG,2018-08-28,38.3066,1925.0,36.004,36.0545,559064.0,31.3381,35.0547,34.7921,19718045.0,0.6717
603801.XSHG,2018-08-29,39.6095,1766.0,35.4586,36.1151,421919.0,32.4087,36.004,35.3476,14893327.0,0.507
603801.XSHG,2018-08-30,39.0035,701.0,35.4182,35.7818,244150.0,31.9138,35.3576,35.2466,8594491.0,0.2934
603801.XSHG,2018-08-31,38.9631,911.0,34.2972,35.3476,248866.0,31.8734,35.3476,34.2972,8567065.0,0.299
603801.XSHG,2018-09-03,37.731,2075.0,34.5699,35.8424,525800.0,30.8635,33.9336,33.9336,18140373.0,0.6318
603801.XSHG,2018-09-04,38.0239,1451.0,34.3881,34.7113,556184.0,31.1159,34.4689,34.0649,18954265.0,0.6683
603801.XSHG,2018-09-05,37.832,2083.0,33.0247,34.5295,568700.0,30.9544,34.378,32.8732,19055565.0,0.6833
603801.XSHG,2018-09-06,36.3272,2721.0,31.8835,33.4287,734810.0,29.7222,33.1055,31.5098,23655717.0,0.8829
603801.XSHG,2018-09-07,35.0749,2641.0,32.0451,33.0651,588002.0,28.6921,31.7825,31.7825,18894532.0,0.7065
603801.XSHG,2018-09-10,35.2466,3062.0,30.8029,32.5096,741900.0,28.8436,31.8128,30.51,22976951.0,0.8914
603801.XSHG,2018-09-11,33.8832,2219.0,30.8231,31.1866,618112.0,27.7226,30.5201,30.106,18692946.0,0.7427
603801.XSHG,2018-09-12,33.9034,4415.0,30.8029,31.8027,1202184.0,27.7428,30.7524,30.1464,36847896.0,1.4445
603801.XSHG,2018-09-13,33.8832,2204.0,31.4896,31.6714,806100.0,27.7226,31.1866,30.914,25000884.0,0.9686
603801.XSHG,2018-09-14,34.6406,1871.0,30.8534,31.7926,597422.0,28.3386,31.7926,30.813,18520111.0,0.7178
603801.XSHG,2018-09-17,33.9437,2121.0,29.187,31.3987,750767.0,27.7731,30.4999,29.0557,22079440.0,0.9021
603801.XSHG,2018-09-18,32.1057,2067.0,30.2979,30.4797,642127.0,26.2683,28.9648,28.9648,19009578.0,0.7716
603801.XSHG,2018-09-19,33.3277,3621.0,31.025,31.7118,1301602.0,27.2681,30.3989,30.207,40015505.0,1.564
603801.XSHG,2018-09-20,34.1255,1639.0,31.015,31.4795,498966.0,27.9246,31.0351,30.813,15348392.0,0.5995
603801.XSHG,2018-09-21,34.1154,2631.0,31.8633,32.0451,1117973.0,27.9145,31.1967,30.9039,34866797.0,1.3433
603801.XSHG,2018-09-25,35.0547,2774.0,31.5906,31.9138,895918.0,28.682,31.5199,31.025,27901864.0,1.0765
603801.XSHG,2018-09-26,34.7517,2357.0,31.2068,31.8128,792873.0,28.4295,31.4189,31.1159,24675847.0,0.9527
603801.XSHG,2018-09-27,34.3275,3565.0,31.1967,32.1966,992867.0,28.0862,31.3078,31.1664,31227334.0,1.193
603801.XSHG,2018-09-28,34.3174,2593.0,31.6512,32.1158,779658.0,28.0761,31.4997,31.2068,24425965.0,0.9368
603801.XSHG,2018-10-08,34.8123,2936.0,30.4191,31.4997,865329.0,28.4901,31.1058,30.207,26353944.0,1.0397
603801.XSHG,2018-10-09,33.459,2283.0,30.4494,31.3078,671140.0,27.3792,30.6009,30.2474,20344950.0,0.8064
603801.XSHG,2018-10-10,33.4994,2159.0,29.9242,30.5908,615467.0,27.4095,30.5908,29.5001,18323707.0,0.7395
603801.XSHG,2018-10-11,32.9136,3259.0,27.3893,29.2375,1305667.0,26.9348,28.278,27.0762,36201100.0,1.5688
603801.XSHG,2018-10-12,30.1262,3288.0,26.4602,28.2174,996000.0,24.6524,27.258,25.5411,26129714.0,1.1968
603801.XSHG,2018-10-15,29.1062,2880.0,25.4704,26.7631,786952.0,23.8141,26.2885,25.3694,20330902.0,0.9456
603801.XSHG,2018-10-16,28.0155,2527.0,24.5817,25.9451,819300.0,22.9254,25.4805,24.511,20342478.0,0.9844
603801.XSHG,2018-10-17,27.0358,2502.0,24.9554,25.43,854322.0,22.1276,24.8746,23.9454,20964521.0,1.0265
603801.XSHG,2018-10-18,27.4499,1979.0,24.0666,25.1372,596266.0,22.4608,25.1372,24.006,14398821.0,0.7164
603801.XSHG,2018-10-19,26.4703,2875.0,24.4807,24.6221,1438979.0,21.663,24.0666,23.6425,34585381.0,1.729
603801.XSHG,2018-10-22,26.9247,2846.0,25.5714,26.0562,1268985.0,22.0367,24.5413,24.5413,31983916.0,1.5248
603801.XSHG,2018-10-23,28.1266,3087.0,25.2482,25.9148,1035219.0,23.0163,25.5714,24.9049,26160277.0,1.2439
603801.XSHG,2018-10-24,27.7731,2950.0,25.117,25.5512,806800.0,22.7234,25.2482,24.5716,20116526.0,0.9694
603801.XSHG,2018-10-25,27.6317,4628.0,23.8444,24.2282,1850021.0,22.6022,24.2282,22.6628,43422126.0,2.2229
603801.XSHG,2018-10-26,26.2279,4373.0,25.0059,25.6522,1572635.0,21.461,24.2181,24.0161,38466166.0,1.8896
603801.XSHG,2018-10-29,27.5105,4024.0,23.8444,25.8542,1358304.0,22.5012,25.834,23.8141,33432103.0,1.6321
603801.XSHG,2018-10-30,26.2279,3846.0,24.5009,24.9352,1102140.0,21.461,23.8545,23.2284,26406220.0,1.3243
603801.XSHG,2018-10-31,26.955,3842.0,25.218,25.4502,1426675.0,22.0468,24.6625,24.5413,35348043.0,1.7142
603801.XSHG,2018-11-01,27.7428,3256.0,25.016,25.7835,1290561.0,22.6931,25.4401,24.9655,32480554.0,1.5507
603801.XSHG,2018-11-02,27.5206,4006.0,26.955,27.1368,2074764.0,22.5113,25.6017,25.4805,54020187.0,2.4929
603801.XSHG,2018-11-05,29.6515,5069.0,27.6519,28.48,2177550.0,24.2585,27.2176,26.9651,59881942.0,2.6165
603801.XSHG,2018-11-06,30.4191,2654.0,27.1772,27.6519,996977.0,24.8847,27.6519,26.7631,26795270.0,1.1979
603801.XSHG,2018-11-07,29.8939,3487.0,27.0055,27.8236,1207801.0,24.4605,27.5711,26.8641,32684534.0,1.4512
603801.XSHG,2018-11-08,29.702,2135.0,26.7328,27.3489,664516.0,24.309,27.2479,26.5814,17756467.0,0.7985
603801.XSHG,2018-11-09,29.4092,1792.0,26.541,27.1671,542781.0,24.0565,26.7429,26.3895,14406929.0,0.6522
603801.XSHG,2018-11-12,29.1971,2333.0,27.561,27.6317,881245.0,23.8848,26.8136,26.5612,23823857.0,1.0589
603801.XSHG,2018-11-13,30.3181,2910.0,27.8236,28.1568,1211213.0,24.8039,27.1873,27.0661,33291089.0,1.4553
603801.XSHG,2018-11-14,30.611,2452.0,27.2479,27.8337,1001644.0,25.0463,27.8236,27.1671,27195521.0,1.2035
603801.XSHG,2018-11-15,29.9747,5767.0,29.9747,29.9747,3507995.0,24.5211,27.2277,27.1974,101351869.0,4.2151
603801.XSHG,2018-11-16,32.9742,13516.0,30.8534,32.9338,7226558.0,26.9752,30.9039,30.5504,224772489.0,8.6831
603801.XSHG,2018-11-19,33.9437,8063.0,29.9848,30.51,4374772.0,27.7731,30.2979,29.7727,130107944.0,5.2565
603801.XSHG,2018-11-20,32.9843,7730.0,28.985,30.6817,3814910.0,26.9853,29.7727,28.6618,112333796.0,4.5838
603801.XSHG,2018-11-21,31.8835,5569.0,28.8537,29.0456,2976406.0,26.0865,28.379,27.8741,84217214.0,3.5763
603801.XSHG,2018-11-22,31.7421,5214.0,28.5608,29.5405,2666812.0,25.9653,29.2173,28.4598,76514389.0,3.2043
603801.XSHG,2018-11-23,31.4189,5646.0,26.7429,28.4497,2932283.0,25.7027,28.379,26.6622,79541898.0,3.5233
603801.XSHG,2018-11-26,29.4193,3805.0,25.935,27.0156,2116938.0,24.0666,26.4804,25.7128,55218862.0,2.5436
603801.XSHG,2018-11-27,28.5305,2728.0,25.9451,26.339,1385116.0,23.3395,26.1976,25.5512,35660084.0,1.6643
603801.XSHG,2018-11-28,28.5406,3525.0,26.1572,26.2178,1810380.0,23.3496,26.1572,25.2583,46383548.0,2.1753
603801.XSHG,2018-11-29,28.7729,3459.0,25.1271,26.5208,1683115.0,23.5415,26.5208,25.0463,42990126.0,2.0224
603801.XSHG,2018-11-30,27.6418,2683.0,25.5108,25.531,1283245.0,22.6123,24.8241,24.4908,31770827.0,1.5419
603801.XSHG,2018-12-03,28.066,4185.0,26.7328,27.1974,2612069.0,22.9557,26.2582,25.8542,68708430.0,3.1386
603801.XSHG,2018-12-04,29.4092,2680.0,26.6016,26.9651,1133459.0,24.0565,26.7126,26.3895,29912572.0,1.3619
603801.XSHG,2018-12-05,29.2577,2237.0,26.2986,26.6723,1003615.0,23.9454,25.8037,25.8037,26081143.0,1.2059
603801.XSHG,2018-12-06,28.9244,2576.0,25.5916,26.5208,1251154.0,23.6728,26.2481,25.4603,32099637.0,1.5033
603801.XSHG,2018-12-07,28.1467,1396.0,25.733,25.9249,621152.0,23.0365,25.7128,25.5007,15813831.0,0.7464
603801.XSHG,2018-12-10,28.3083,1801.0,25.0564,25.8239,1013512.0,23.1577,25.4603,25.0059,25396798.0,1.2178
603801.XSHG,2018-12-11,27.561,2103.0,25.4603,25.5613,653742.0,22.5517,25.2281,25.2281,16452935.0,0.7855
603801.XSHG,2018-12-12,28.0054,1786.0,25.7936,26.0259,686100.0,22.9153,25.4805,25.4805,17498174.0,0.8244
603801.XSHG,2018-12-13,28.3689,3933.0,26.4299,27.258,2096095.0,23.2183,26.0663,25.4805,54747130.0,2.5186
603801.XSHG,2018-12-14,29.0759,2684.0,25.4401,26.3289,1340081.0,23.7839,26.2582,25.3189,34229813.0,1.6102
603801.XSHG,2018-12-17,27.9852,1754.0,25.1675,25.5411,760618.0,22.8951,25.3896,24.7736,18920597.0,0.9139
603801.XSHG,2018-12-18,27.6822,2411.0,25.4603,25.6421,847947.0,22.6527,25.0766,24.7433,21197464.0,1.0189
603801.XSHG,2018-12-19,28.0054,2121.0,25.1776,25.6825,719004.0,22.9153,25.3391,25.1574,18067969.0,0.8639
603801.XSHG,2018-12-20,27.6923,1997.0,25.5411,25.6017,818260.0,22.6628,25.0968,24.9958,20527979.0,0.9832
603801.XSHG,2018-12-21,28.0963,2009.0,25.1675,25.5411,950526.0,22.986,25.2482,24.9453,23736345.0,1.1421
603801.XSHG,2018-12-24,27.6822,1821.0,25.3896,25.4502,879700.0,22.6527,25.0564,24.9655,22001757.0,1.057
603801.XSHG,2018-12-25,27.9246,2434.0,24.7938,25.2785,1186034.0,22.8547,25.2785,24.1373,28980456.0,1.4251
603801.XSHG,2018-12-26,27.2782,1757.0,24.7837,24.9756,714715.0,22.3195,24.7837,24.5413,17537230.0,0.8588
603801.XSHG,2018-12-27,27.258,1757.0,24.2585,25.3997,1160300.0,22.3094,25.2684,24.2383,28290576.0,1.3942
603801.XSHG,2018-12-28,26.6824,1645.0,24.2484,24.511,526790.0,21.8347,24.2585,23.9454,12645780.0,0.633
603801.XSHG,2019-01-02,26.6723,2154.0,23.6425,24.3292,922172.0,21.8246,24.2989,23.6324,21779326.0,1.108
603801.XSHG,2019-01-03,26.0057,2813.0,23.0668,24.0363,1611292.0,21.2792,23.6425,22.8951,37364166.0,1.9361
603801.XSHG,2019-01-04,25.3694,3118.0,23.8848,24.0161,1737367.0,20.7642,22.9557,22.7436,40350680.0,2.0875
603801.XSHG,2019-01-07,26.2784,2396.0,24.1474,24.5716,1082065.0,21.5014,23.9656,23.9252,25912134.0,1.3002
603801.XSHG,2019-01-08,26.5612,2109.0,24.0363,24.4403,755214.0,21.7337,24.1474,23.9656,18070627.0,0.9074
603801.XSHG,2019-01-09,26.44,3257.0,24.2383,24.6625,1268382.0,21.6327,24.1878,24.0464,30707933.0,1.524
603801.XSHG,2019-01-10,26.6622,2124.0,24.0969,24.3494,793500.0,21.8145,24.2181,24.0262,18993801.0,0.9534
603801.XSHG,2019-01-11,26.5107,2636.0,23.9858,24.2181,1200361.0,21.6832,24.1777,23.6425,28369394.0,1.4423
603801.XSHG,2019-01-14,26.3895,2023.0,23.8343,24.3393,799042.0,21.5923,24.107,23.7536,18951784.0,0.9601
603801.XSHG,2019-01-15,26.2178,2056.0,24.2686,24.3292,856029.0,21.4509,24.0363,23.7435,20378018.0,1.0286
603801.XSHG,2019-01-16,26.6924,4058.0,25.0362,25.4199,1765089.0,21.8448,24.2181,24.1474,43233703.0,2.1209
603801.XSHG,2019-01-17,27.5408,3719.0,24.4403,25.0564,1248012.0,22.5315,25.0362,24.3595,30356841.0,1.4996
603801.XSHG,2019-01-18,26.8843,2775.0,25.1473,25.3189,1699169.0,21.9963,24.2585,24.2585,41822964.0,2.0417
603801.XSHG,2019-01-21,27.662,2206.0,25.0968,25.4906,1298461.0,22.6325,25.0968,24.8443,32278713.0,1.5602
603801.XSHG,2019-01-22,27.6115,1615.0,24.7635,25.117,744336.0,22.5921,25.0463,24.5312,18306551.0,0.8944
603801.XSHG,2019-01-23,27.2378,1389.0,24.9453,25.0968,753426.0,22.2892,24.7635,24.5514,18526804.0,0.9053
603801.XSHG,2019-01-24,27.4398,1363.0,24.9453,25.117,690158.0,22.4507,25.0463,24.6423,16995754.0,0.8293
603801.XSHG,2019-01-25,27.4398,5030.0,25.6017,26.1067,2664343.0,22.4507,24.9352,24.814,67572948.0,3.2014
603801.XSHG,2019-01-28,28.1669,3443.0,25.7532,26.4602,1652559.0,23.0466,25.733,25.4704,42261168.0,1.9856
603801.XSHG,2019-01-29,28.3285,3572.0,24.9756,25.733,1921989.0,23.1779,25.733,24.3797,47702042.0,2.3094
603801.XSHG,2019-01-30,27.4701,3074.0,24.208,25.1473,1331819.0,22.481,24.6423,24.0161,32432636.0,1.6003
603801.XSHG,2019-01-31,26.6319,3250.0,23.7839,24.713,1486512.0,21.7842,24.2383,23.4506,35442807.0,1.7861
603801.XSHG,2019-02-01,26.1673,2131.0,24.4504,24.5615,724430.0,21.4105,23.9252,23.9252,17412619.0,0.8704
603801.XSHG,2019-02-11,26.8944,2792.0,25.3492,25.4098,1250572.0,22.0064,24.3393,24.3292,30888280.0,1.5026
603801.XSHG,2019-02-12,27.8842,3780.0,25.6724,25.935,1599837.0,22.8143,25.3795,25.2987,40486104.0,1.9223
603801.XSHG,2019-02-13,28.2376,3448.0,26.137,26.2683,1557313.0,23.1072,25.8542,25.4401,39937410.0,1.8712
603801.XSHG,2019-02-14,28.7527,3449.0,26.0057,26.5006,1507900.0,23.5213,26.137,25.9148,38948819.0,1.8118
603801.XSHG,2019-02-15,28.6113,3499.0,25.8037,26.0865,1466460.0,23.4102,26.0057,25.6017,37427297.0,1.762
603801.XSHG,2019-02-18,28.3891,6167.0,26.9449,26.9449,2282480.0,23.2284,25.9552,25.8542,59737938.0,2.7425
603801.XSHG,2019-02-19,29.6414,6672.0,26.0764,26.5612,3809884.0,24.2484,26.5612,25.6926,98373015.0,4.5778
603801.XSHG,2019-02-20,28.682,3625.0,25.9855,26.0461,1574652.0,23.4708,26.0158,25.733,40355017.0,1.892
603801.XSHG,2019-02-21,28.581,3968.0,25.9653,26.4097,2164692.0,23.39,26.036,25.7835,56044969.0,2.601
603801.XSHG,2019-02-22,28.5608,2816.0,25.9754,25.9956,1899417.0,23.3698,25.9451,25.5714,48629207.0,2.2823
603801.XSHG,2019-02-25,28.5709,5857.0,27.0964,27.1873,4537986.0,23.3799,26.036,26.0057,119649089.0,5.4527
603801.XSHG,2019-02-26,29.803,6798.0,27.6418,28.2477,3973293.0,24.3898,27.1267,26.5612,108743358.0,4.7741
603801.XSHG,2019-02-27,30.409,4786.0,27.3489,27.965,2541897.0,24.8746,27.2984,27.0863,69454117.0,3.0542
603801.XSHG,2019-02-28,30.0858,3216.0,27.9549,27.9549,1857938.0,24.612,27.2681,27.1772,50828040.0,2.2324
603801.XSHG,2019-03-01,30.7524,2944.0,27.8236,28.3588,1675834.0,25.1574,28.2679,27.5509,46271041.0,2.0136
603801.XSHG,2019-03-04,30.611,6120.0,28.1266,28.8739,2839184.0,25.0463,27.8539,27.7933,79517548.0,3.4114
603801.XSHG,2019-03-05,30.9443,8198.0,30.0959,30.3282,4363460.0,25.3189,28.1467,27.9953,126720814.0,5.243
603801.XSHG,2019-03-06,33.1055,5308.0,30.1464,30.1969,3279100.0,27.0863,30.0959,28.9951,96270168.0,3.94
603801.XSHG,2019-03-07,33.1661,5438.0,30.8534,31.3078,3973270.0,27.1368,30.1161,29.7424,119372390.0,4.7741
603801.XSHG,2019-03-08,33.9437,5146.0,28.783,30.2979,3107160.0,27.7731,30.2979,28.783,91033584.0,3.7334
603801.XSHG,2019-03-11,31.6613,2842.0,29.389,29.601,1817786.0,25.9047,28.783,28.5305,52469479.0,2.1842
603801.XSHG,2019-03-12,32.3279,3474.0,29.4597,29.9444,2042307.0,26.4501,29.49,29.1062,59653351.0,2.454
603801.XSHG,2019-03-13,32.4087,3631.0,29.3183,30.1969,2030647.0,26.5107,29.4496,29.1264,59715141.0,2.4399
603801.XSHG,2019-03-14,32.2471,2981.0,28.5204,29.4092,1737757.0,26.3895,29.3284,27.9751,48923125.0,2.088
603801.XSHG,2019-03-15,31.3684,2109.0,28.7022,28.9547,1112848.0,25.6724,28.3285,28.3285,31576058.0,1.3372
603801.XSHG,2019-03-18,31.5704,4986.0,30.4999,30.5504,2876001.0,25.834,28.8638,28.581,85068621.0,3.4557
603801.XSHG,2019-03-19,33.5499,3954.0,30.2171,30.6817,2191960.0,27.4499,30.6413,29.9242,65562041.0,2.6338
603801.XSHG,2019-03-20,33.2368,5311.0,30.7221,31.4997,2863307.0,27.1974,30.1969,30.0151,86969760.0,3.4404
603801.XSHG,2019-03-21,33.7923,3692.0,30.6009,31.3886,2450160.0,27.6519,30.6009,30.4292,74722920.0,2.944
603801.XSHG,2019-03-22,33.661,3448.0,30.7928,30.9544,2317666.0,27.5408,30.5807,30.0151,70000759.0,2.7848
603801.XSHG,2019-03-25,33.8731,5961.0,33.8731,33.8731,5064165.0,27.7125,30.0858,29.8939,163561065.0,6.0849
603801.XSHG,2019-03-26,37.2563,10624.0,35.7818,37.2563,8564536.0,30.4898,33.7115,33.7115,308349128.0,10.2908
603801.XSHG,2019-03-27,39.357,7309.0,36.6504,36.923,4067350.0,32.2067,35.2163,33.7418,144186289.0,4.8872
603801.XSHG,2019-03-28,40.3164,9409.0,38.0441,40.1144,5296807.0,32.9843,37.8623,37.7411,202267061.0,6.3644
603801.XSHG,2019-03-29,41.8515,8867.0,39.5994,41.084,4352655.0,34.2366,37.832,37.1755,168025601.0,5.23
603801.XSHG,2019-04-01,43.5583,8210.0,42.7806,43.4068,4906903.0,35.6404,40.3467,40.3467,204015455.0,5.8959
603801.XSHG,2019-04-02,47.0627,8550.0,43.3563,43.4068,3984402.0,38.4985,43.1947,40.9022,165808084.0,4.7875
603801.XSHG,2019-04-03,47.6889,5554.0,41.9121,42.5484,2807573.0,39.0237,41.8616,41.4778,116870315.0,3.3735
603801.XSHG,2019-04-04,46.1033,7861.0,40.7002,41.9121,3837454.0,37.7209,41.902,40.2154,155682509.0,4.6109
603801.XSHG,2019-04-08,44.7702,7961.0,39.8215,41.599,3985895.0,36.6302,40.7507,38.8318,158293028.0,4.7893
603801.XSHG,2019-04-09,43.8007,6684.0,40.3366,41.0032,3097731.0,35.8424,39.5691,39.4075,123857997.0,3.7221
603801.XSHG,2019-04-10,44.3662,6087.0,39.7003,40.7911,2585337.0,36.307,40.0841,39.5085,102074436.0,3.1064
603801.XSHG,2019-04-11,43.6694,6461.0,38.5793,39.9932,2700600.0,35.7313,39.9932,38.0138,103438877.0,3.2449
603801.XSHG,2019-04-12,42.4373,5632.0,37.9229,39.1045,1912127.0,34.7214,39.1045,37.3775,71937145.0,2.2975
603801.XSHG,2019-04-15,41.7202,8342.0,36.7312,39.6499,3104996.0,34.1356,38.8823,36.5696,116753741.0,3.7308
603801.XSHG,2019-04-16,40.4073,6264.0,37.4583,37.5593,2353305.0,33.055,36.9129,36.1353,86374477.0,2.8276
603801.XSHG,2019-04-17,41.2051,5855.0,36.9634,37.8421,2496409.0,33.7115,37.3371,36.7615,91893986.0,2.9996
603801.XSHG,2019-04-18,40.6598,6691.0,37.0139,38.347,2487557.0,33.2671,36.9432,36.5999,92244664.0,2.9889
603801.XSHG,2019-04-19,40.7204,4736.0,36.7615,37.0543,1651487.0,33.3176,37.0139,36.004,59683203.0,1.9844
603801.XSHG,2019-04-22,40.4376,6711.0,35.4182,36.9432,3208200.0,33.0853,36.8624,34.7012,112923780.0,3.8548
603801.XSHG,2019-04-23,38.9631,4684.0,35.0143,35.9232,1550438.0,31.8734,35.6808,34.8426,54334768.0,1.8629
603801.XSHG,2019-04-24,38.5187,3466.0,35.4182,35.701,1268248.0,31.5098,35.0345,34.3578,44009539.0,1.5239
603801.XSHG,2019-04-25,38.9631,3934.0,34.3275,35.701,1407518.0,31.8734,35.1456,34.1861,49016720.0,1.6912
603801.XSHG,2019-04-26,37.7613,5109.0,33.9134,34.5396,2399224.0,30.8938,34.0952,33.1661,79831765.0,2.8828
603801.XSHG,2019-04-29,37.3068,5748.0,32.8025,33.8933,2248859.0,30.5201,33.8933,32.5803,73748236.0,2.7021
603801.XSHG,2019-04-30,36.0848,3876.0,33.1459,33.7923,1689832.0,29.5203,32.2673,32.0754,55488847.0,2.0304
603801.XSHG,2019-05-06,36.4585,4552.0,29.8333,32.6813,1701161.0,29.8333,31.9946,29.8333,52384429.0,2.044
603801.XSHG,2019-05-07,32.8126,4353.0,30.0353,30.3989,1628924.0,26.854,29.5909,29.086,47984582.0,1.9572
603801.XSHG,2019-05-08,33.0348,5483.0,30.1767,31.015,1870332.0,27.0358,29.3688,28.985,56005063.0,2.2473
603801.XSHG,2019-05-09,33.1964,3261.0,29.9545,30.5706,1126215.0,27.157,30.1565,29.6717,33515076.0,1.3532
603801.XSHG,2019-05-10,32.954,5320.0,30.6211,31.0755,2849409.0,26.955,30.3989,29.4395,85329909.0,3.4237
603801.XSHG,2019-05-13,33.6812,3787.0,30.106,30.5807,1365600.0,27.561,30.4898,29.9444,40898411.0,1.6408
603801.XSHG,2019-05-14,33.1156,4876.0,29.5909,30.3686,1634300.0,27.0964,29.5304,29.3385,48267234.0,1.9637
603801.XSHG,2019-05-15,32.55,7428.0,31.1563,31.7926,2778951.0,26.6319,30.3585,29.8131,85413094.0,3.3391
603801.XSHG,2019-05-16,34.277,8834.0,31.0856,31.9845,3338152.0,28.0458,30.9342,30.7019,103342698.0,4.011
603801.XSHG,2019-05-17,34.1962,6786.0,29.187,31.2775,2843899.0,27.9751,31.0755,29.0355,83988881.0,3.4171
603801.XSHG,2019-05-20,32.1057,7337.0,28.9547,29.187,2416697.0,26.2683,29.187,27.662,67592684.0,2.9038
603801.XSHG,2019-05-21,31.7586,4491.0,29.6521,30.3494,1421072.1429,25.9764,28.5624,27.8941,40357025.0,1.7173
603801.XSHG,2019-05-22,32.6158,6194.0,29.0564,30.0588,1908539.2857,26.6883,28.9838,28.7658,54036376.0,2.3064
603801.XSHG,2019-05-23,31.962,4589.0,27.9668,28.8821,1217353.5714,26.1508,28.853,27.8651,33299499.0,1.4711
603801.XSHG,2019-05-24,30.7707,2983.0,27.7924,28.1266,747732.8571,25.1774,27.7198,27.4874,20040214.0,0.9036
603801.XSHG,2019-05-27,30.5673,3229.0,28.577,28.9111,1112618.5714,25.0176,27.6036,27.6036,30443415.0,1.3446
603801.XSHG,2019-05-28,31.439,2770.0,28.4607,29.0273,814097.8571,25.7149,28.5189,28.3445,22548761.0,0.9838
603801.XSHG,2019-05-29,31.3083,2406.0,28.4462,28.8675,709435.7143,25.6132,28.6206,28.3736,19583083.0,0.8573
603801.XSHG,2019-05-30,31.2937,4886.0,27.5891,28.5043,1580749.2857,25.5987,28.4462,27.1968,41978678.0,1.9103
603801.XSHG,2019-05-31,30.3494,5200.0,27.5745,28.0104,1309403.5714,24.8287,27.6036,27.1677,34833632.0,1.5824
603801.XSHG,2019-06-03,30.3349,6058.0,26.5285,27.9668,1822207.8571,24.8142,27.4728,26.1508,46857793.0,2.2021
603801.XSHG,2019-06-04,29.1872,4909.0,26.4123,26.7028,1109320.0,23.8698,26.4123,26.1798,28289987.0,1.3406
603801.XSHG,2019-06-05,29.0564,3359.0,26.0781,26.8045,832949.2857,23.7681,26.543,26.0055,21244977.0,1.0066
603801.XSHG,2019-06-06,28.6932,5342.0,25.6859,26.4123,1293042.8571,23.4776,26.4123,25.1774,31991750.0,1.5626
603801.XSHG,2019-06-10,28.2573,4397.0,25.5987,25.9909,1210401.4286,23.1144,25.6859,25.2791,29900377.0,1.4627
603801.XSHG,2019-06-11,28.1557,4774.0,26.6011,26.6738,1731849.2857,23.0417,25.5406,25.5406,43811028.0,2.0929
603801.XSHG,2019-06-12,29.2598,4086.0,26.2379,26.7609,1115118.5714,23.9425,26.6302,26.1798,28446937.0,1.3476
603801.XSHG,2019-06-13,28.8675,6394.0,27.7053,28.0685,2428365.0,23.6083,26.6157,26.6157,64134879.0,2.9346
603801.XSHG,2019-06-14,30.4802,4804.0,27.2694,27.8941,1317235.0,24.9304,27.807,27.1096,34931645.0,1.6198
603801.XSHG,2019-06-17,30.0007,5238.0,27.6036,27.8941,1637719.2857,24.5381,27.3275,26.8045,43489315.0,2.0139
603801.XSHG,2019-06-18,30.3639,3999.0,28.2719,28.2719,1514692.8571,24.8432,27.6036,27.3711,40923019.0,1.8626
603801.XSHG,2019-06-19,31.1049,4214.0,28.0685,29.4922,1671410.0,25.4389,29.0564,28.0249,45819357.0,2.0553
603801.XSHG,2019-06-20,30.8724,3573.0,28.4753,28.7077,1374162.1429,25.2645,28.1266,27.8651,37536420.0,1.6898
603801.XSHG,2019-06-21,31.3228,4059.0,28.9838,29.2743,1573390.7143,25.6277,28.4753,28.4753,43965443.0,1.9348
603801.XSHG,2019-06-24,31.8894,3997.0,29.0855,29.2598,1366079.2857,26.0926,28.9983,28.5479,38024562.0,1.6799
603801.XSHG,2019-06-25,31.9911,5693.0,28.359,29.0419,2807941.4286,26.1798,28.9402,27.6181,76138449.0,3.4529
603801.XSHG,2019-06-26,31.192,6399.0,29.2017,29.3179,2003402.8571,25.526,28.3155,27.9087,56007744.0,2.4636
603801.XSHG,2019-06-27,32.1219,6479.0,29.0564,29.4922,1853258.5714,26.2815,29.4922,28.8094,51943992.0,2.279
603801.XSHG,2019-06-28,31.962,4323.0,28.7077,29.1145,1334885.0,26.1508,28.9256,28.2573,36984379.0,1.6415
603801.XSHG,2019-07-01,31.5843,3999.0,29.9281,29.9862,1960245.7143,25.8311,29.2017,29.1436,55882136.0,2.4105
603801.XSHG,2019-07-02,32.9209,2707.0,29.5649,29.9717,872870.0,26.9353,29.899,29.3905,24895801.0,1.0734
603801.XSHG,2019-07-03,32.5286,3291.0,29.2017,29.5794,1020530.7143,26.6157,29.5794,28.9547,28669376.0,1.2549
603801.XSHG,2019-07-04,32.1219,3311.0,29.1726,29.4196,1139827.8571,26.2815,29.347,28.6787,31961972.0,1.4016
603801.XSHG,2019-07-05,32.0928,3900.0,29.2889,29.4487,1036926.4286,26.2525,29.1872,28.7804,29130991.0,1.2751
603801.XSHG,2019-07-08,32.2235,4017.0,28.2428,29.2889,1060857.8571,26.3542,29.2743,27.6907,29029869.0,1.3045
603801.XSHG,2019-07-09,31.0613,4137.0,28.2428,28.7223,899909.2857,25.4244,27.807,27.807,24557666.0,1.1066
603801.XSHG,2019-07-10,31.0613,4098.0,27.8506,28.4607,706828.5714,25.4244,28.2428,27.6326,19075532.0,0.8692
603801.XSHG,2019-07-11,30.64,2528.0,27.6907,28.2283,650434.2857,25.0611,27.8941,27.4292,17436521.0,0.7998
603801.XSHG,2019-07-12,30.4656,2238.0,27.6036,27.7198,658120.0,24.9159,27.7198,27.1241,17402145.0,0.8093
603801.XSHG,2019-07-15,30.3639,2523.0,27.6762,27.8215,693485.7143,24.8432,27.56,26.8772,18295678.0,0.8528
603801.XSHG,2019-07-16,30.4511,1762.0,27.3857,27.7053,502432.1429,24.9159,27.5891,27.313,13272480.0,0.6178
603801.XSHG,2019-07-17,30.1315,2252.0,27.0951,27.3857,672403.5714,24.6544,27.3857,26.9934,17606062.0,0.8269
603801.XSHG,2019-07-18,29.8119,2763.0,26.3396,27.066,742628.5714,24.3928,26.9934,26.2525,18980868.0,0.9132
603801.XSHG,2019-07-19,28.9692,1881.0,26.3687,26.8045,505257.1429,23.71,26.3396,26.3251,12925663.0,0.6213
603801.XSHG,2019-07-22,29.0128,2732.0,25.7294,26.5721,702520.7143,23.7391,26.4123,25.5696,17561749.0,0.8639
603801.XSHG,2019-07-23,28.3009,2485.0,26.1653,26.267,611455.7143,23.158,25.7294,25.4389,15224346.0,0.7519
603801.XSHG,2019-07-24,28.7804,2664.0,26.7464,27.0079,703964.2857,23.5502,26.2815,25.9619,18056064.0,0.8657
603801.XSHG,2019-07-25,29.4196,2476.0,26.9353,26.9498,689155.7143,24.0732,26.7319,26.3977,17787423.0,0.8475
603801.XSHG,2019-07-26,29.623,2845.0,27.2404,27.4438,681252.8571,24.2476,26.8481,26.6157,17813457.0,0.8377
603801.XSHG,2019-07-29,29.9717,1989.0,27.3275,27.4292,405695.0,24.5236,27.1968,27.0806,10657544.0,0.4989
603801.XSHG,2019-07-30,30.0588,3815.0,27.8941,28.1121,961847.1429,24.5962,27.4002,27.313,25857502.0,1.1828
603801.XSHG,2019-07-31,30.6836,2590.0,27.807,28.083,586632.8571,25.1047,27.6036,27.5164,15712850.0,0.7214
603801.XSHG,2019-08-01,30.5819,3380.0,27.2404,27.9087,825839.2857,25.0321,27.6617,27.037,21783287.0,1.0155
603801.XSHG,2019-08-02,29.9717,3804.0,27.4292,27.5891,832002.1429,24.5236,26.3832,26.3832,21881282.0,1.0231
603801.XSHG,2019-08-05,30.1751,5027.0,26.2379,27.5309,1052920.0,24.6834,27.4292,26.1217,26983975.0,1.2948
603801.XSHG,2019-08-06,28.8675,6334.0,25.8602,25.9909,1648766.4286,23.6083,25.8457,24.3347,40135069.0,2.0275
603801.XSHG,2019-08-07,28.4462,4370.0,25.3517,26.0055,948664.2857,23.2742,25.7004,24.9885,23219467.0,1.1666
603801.XSHG,2019-08-08,27.8941,2961.0,25.4389,25.5406,561258.5714,22.8238,25.2355,25.0757,13698183.0,0.6902
603801.XSHG,2019-08-09,27.9813,2231.0,25.4679,25.8166,618041.4286,22.8964,25.2936,24.8432,15079169.0,0.76
603801.XSHG,2019-08-12,28.0104,2889.0,25.9909,26.02,707572.1429,22.9255,25.3953,25.0466,17423899.0,0.8701
603801.XSHG,2019-08-13,28.5915,1491.0,25.6859,25.9619,345400.0,23.3904,25.8457,25.4389,8555420.0,0.4247
603801.XSHG,2019-08-14,28.2573,2515.0,25.9328,26.3832,569942.8571,23.1144,26.0055,25.9038,14361504.0,0.7009
603801.XSHG,2019-08-15,28.5334,1562.0,26.02,26.1072,401271.4286,23.3468,25.3808,24.9885,9930179.0,0.4934
603801.XSHG,2019-08-16,28.6206,2718.0,26.4704,26.8626,681722.1429,23.4195,26.0055,25.8747,17445453.0,0.8383
603801.XSHG,2019-08-19,29.1145,2104.0,27.2694,27.3857,707600.7143,23.8262,26.7174,26.7174,18473288.0,0.8701
603801.XSHG,2019-08-20,30.0007,2919.0,27.836,27.9087,978188.5714,24.5381,27.1532,27.1096,26013187.0,1.2029
603801.XSHG,2019-08-21,30.6254,1747.0,27.4292,28.0394,553546.4286,25.0466,27.836,27.4292,14735279.0,0.6807
603801.XSHG,2019-08-22,30.1751,2548.0,27.8941,27.9232,718890.0,24.6834,27.7198,27.5164,19242312.0,0.884
603801.XSHG,2019-08-23,30.6836,1671.0,27.6762,27.9958,329457.1429,25.1047,27.9958,27.5309,8814376.0,0.4051
603801.XSHG,2019-08-26,30.4511,2463.0,27.4292,27.5745,669782.1429,24.9159,27.1241,26.8772,17561133.0,0.8236
603801.XSHG,2019-08-27,30.1751,5166.0,29.1726,29.2017,1549649.2857,24.6834,27.4292,27.4292,42637128.0,1.9056
603801.XSHG,2019-08-28,32.0928,4351.0,28.7949,30.0007,1414514.2857,26.2525,29.7828,28.6496,39758820.0,1.7094
603801.XSHG,2019-08-29,31.6715,2995.0,28.853,29.4487,726755.0,25.9183,28.7368,28.7368,20352177.0,0.8783
603801.XSHG,2019-08-30,31.7441,3807.0,28.5624,29.347,857635.0,25.9619,28.8966,28.4172,23829694.0,1.0364
603801.XSHG,2019-09-02,31.4245,3866.0,29.1726,29.3324,1169214.2857,25.7004,28.6496,28.3445,32785999.0,1.413
603801.XSHG,2019-09-03,32.0928,2672.0,29.1145,29.376,657014.2857,26.2525,29.3034,28.8094,18430885.0,0.794
603801.XSHG,2019-09-04,32.0202,3562.0,29.4341,29.4777,1212561.4286,26.2089,29.0128,28.6496,34010991.0,1.4653
603801.XSHG,2019-09-05,32.3834,3060.0,29.2598,29.8264,1151166.4286,26.4849,29.4196,29.2453,32785490.0,1.3912
603801.XSHG,2019-09-06,32.18,3960.0,30.4075,30.7998,1637497.1429,26.3396,29.5358,29.3324,47589203.0,1.9789
603801.XSHG,2019-09-09,33.4439,3199.0,30.3058,30.8724,1030605.7143,27.3711,30.7998,30.0734,30085401.0,1.2455
603801.XSHG,2019-09-10,33.3422,3424.0,30.6109,30.8143,1169470.0,27.2694,30.2187,29.8555,34255719.0,1.4133
603801.XSHG,2019-09-11,33.6764,2948.0,30.0007,30.8724,937259.2857,27.5455,30.64,29.87,27297589.0,1.1327
603801.XSHG,2019-09-12,33.0081,2315.0,30.1024,30.4656,597637.8571,27.0079,30.0007,29.9281,17411687.0,0.7222
603801.XSHG,2019-09-16,33.1098,3028.0,29.899,30.4656,782757.1429,27.0951,30.4221,29.7102,22682402.0,0.9459
603801.XSHG,2019-09-17,32.8918,4249.0,28.9111,30.0734,1139528.5714,26.9062,29.9281,28.5624,31900364.0,1.3771
603801.XSHG,2019-09-18,31.8022,2832.0,28.7513,29.4777,638228.5714,26.02,28.8821,28.577,17781708.0,0.7713
603801.XSHG,2019-09-19,31.6279,2670.0,29.2598,29.3034,661275.0,25.8747,28.7513,28.7368,18529884.0,0.7991
603801.XSHG,2019-09-20,32.18,4678.0,29.9426,30.2768,1202300.0,26.3396,29.2743,29.2017,34630749.0,1.4529
603801.XSHG,2019-09-23,32.9354,2447.0,29.376,30.0153,702910.7143,26.9498,29.6956,28.9256,19835747.0,0.8494
603801.XSHG,2019-09-24,32.3107,3642.0,29.1,30.0007,733716.4286,26.4413,29.347,28.9692,20797770.0,0.8867
603801.XSHG,2019-09-25,32.0056,2885.0,28.5334,29.2598,659457.1429,26.1943,29.0855,28.5334,18300291.0,0.7969
603801.XSHG,2019-09-26,31.3809,3530.0,27.9232,28.9547,939258.5714,25.6859,28.6932,27.6181,25610178.0,1.1351
603801.XSHG,2019-09-27,30.7126,3287.0,28.9111,29.2307,864390.7143,25.1338,28.083,27.7924,23839308.0,1.0446
603801.XSHG,2019-09-30,31.8022,2049.0,28.5189,29.0564,470480.0,26.02,28.9547,28.359,12998253.0,0.5686
603801.XSHG,2019-10-08,31.3664,4804.0,28.3155,28.853,829159.2857,25.6713,28.7513,27.0806,22500790.0,1.002
603801.XSHG,2019-10-09,31.1485,5436.0,28.9838,29.5504,1077023.5714,25.4825,27.9668,27.9668,30068452.0,1.3016
603801.XSHG,2019-10-10,31.8894,3129.0,28.9838,29.347,742571.4286,26.0926,28.8821,28.5915,20734196.0,0.8974
603801.XSHG,2019-10-11,31.8894,2657.0,29.1,29.347,480012.8571,26.0926,29.1145,28.7949,13451467.0,0.5801
603801.XSHG,2019-10-14,32.0056,4710.0,28.9111,29.5358,1247908.5714,26.1943,29.376,28.7804,34888299.0,1.5081
603801.XSHG,2019-10-15,31.8022,3377.0,28.4898,28.9838,689328.5714,26.02,28.8821,28.3445,18975940.0,0.833
603801.XSHG,2019-10-16,31.3373,1769.0,28.5189,28.8821,444166.4286,25.6423,28.5334,28.33,12222547.0,0.5368
603801.XSHG,2019-10-17,31.3664,4317.0,28.606,29.2307,1000543.5714,25.6713,28.6641,28.3736,27774779.0,1.2091
603801.XSHG,2019-10-18,31.4681,4227.0,28.4026,28.853,825177.1429,25.744,28.7513,27.8215,22543295.0,0.9972
603801.XSHG,2019-10-21,31.2502,3727.0,27.9813,28.5479,875172.8571,25.5696,28.5479,26.6592,23342770.0,1.0576
603801.XSHG,2019-10-22,30.7853,3238.0,28.0104,28.6787,806014.2857,25.1774,27.8941,27.7779,21857106.0,0.974
603801.XSHG,2019-10-23,30.8143,3784.0,28.5334,28.8675,722228.5714,25.2064,28.1411,28.0394,19811705.0,0.8728
603801.XSHG,2019-10-24,31.3809,2685.0,28.9838,28.9983,693682.8571,25.6859,28.2719,28.1847,19184414.0,0.8383
603801.XSHG,2019-10-25,31.8894,3398.0,29.2162,29.4632,655790.7143,26.0926,28.7804,28.4753,18378442.0,0.7925
603801.XSHG,2019-10-28,32.1364,3224.0,29.1872,29.5068,698999.2857,26.296,29.2307,29.0128,19691967.0,0.8447
603801.XSHG,2019-10-29,32.1073,3395.0,28.6641,29.3034,728172.8571,26.267,29.2017,28.6641,20269087.0,0.88
603801.XSHG,2019-10-30,31.5262,7276.0,29.9281,30.3349,2011422.8571,25.8021,28.7223,28.5043,57507357.0,2.4307
603801.XSHG,2019-10-31,32.9209,7563.0,28.7223,30.4366,1905890.0,26.9353,29.6956,28.5043,53976739.0,2.3032
603801.XSHG,2019-11-01,31.5988,7813.0,28.4462,28.5043,2149470.0,25.8457,28.2138,27.6036,58013595.0,2.5976
603801.XSHG,2019-11-04,31.2937,5879.0,28.9983,28.9983,1426033.5714,25.5987,28.4462,28.1266,39257026.0,1.7233
603801.XSHG,2019-11-05,31.9039,5965.0,31.9039,31.9039,3145107.1429,26.0926,28.9983,28.9111,93528778.0,3.8008
603801.XSHG,2019-11-06,35.1001,25430.0,31.5262,35.042,8820314.2857,28.7077,33.1679,31.4245,281158248.0,10.6591
603801.XSHG,2019-11-07,34.6788,14337.0,31.5698,32.5432,4937338.5714,28.3736,31.1485,30.9741,150672004.0,5.9666
603801.XSHG,2019-11-08,34.7224,13673.0,32.1509,32.3834,4514995.7143,28.4172,31.2356,31.2356,138661222.0,5.4562
603801.XSHG,2019-11-11,35.3616,12411.0,30.4947,31.686,3973957.8571,28.9402,31.686,29.8264,117550913.0,4.8024
603801.XSHG,2019-11-12,33.5456,7690.0,29.6521,30.4947,3385337.1429,27.4438,30.0879,29.4922,97290494.0,4.0911
603801.XSHG,2019-11-13,32.6158,4483.0,29.2743,30.0298,2054828.5714,26.6883,29.4196,29.0564,58390656.0,2.4832
603801.XSHG,2019-11-14,32.209,4494.0,29.1726,29.5649,2040203.5714,26.3542,29.4922,29.0855,57527682.0,2.4655
603801.XSHG,2019-11-15,32.0928,5882.0,28.33,29.2743,2165365.0,26.2525,29.1726,28.2573,59777397.0,2.6168
603801.XSHG,2019-11-18,31.163,4984.0,28.9547,29.0273,1902495.7143,25.497,28.4462,27.8941,52574370.0,2.2991
603801.XSHG,2019-11-19,31.8458,4393.0,29.5213,29.7538,1626482.8571,26.0636,28.9111,28.7949,46109108.0,1.9656
603801.XSHG,2019-11-20,32.4705,4803.0,28.7368,29.7247,1866066.4286,26.5721,29.3905,28.5624,52192325.0,2.2551
603801.XSHG,2019-11-21,31.6134,2914.0,28.7804,28.7804,764687.8571,25.8602,28.7368,28.2719,21071073.0,0.9241
603801.XSHG,2019-11-22,31.6569,3361.0,28.4753,29.1581,1282820.7143,25.9038,28.7804,28.1557,35305826.0,1.5503
603801.XSHG,2019-11-25,31.3228,3089.0,27.9668,28.5334,1011938.5714,25.6277,28.5334,27.6036,27295309.0,1.2229
603801.XSHG,2019-11-26,30.7707,3053.0,28.083,28.3445,803040.0,25.1774,28.2138,27.7924,21721036.0,0.9705
603801.XSHG,2019-11-27,30.887,2551.0,27.807,28.2573,944922.1429,25.2791,28.1121,27.7634,25415786.0,1.1419
603801.XSHG,2019-11-28,30.5819,4377.0,27.0951,27.8215,1407912.1429,25.0321,27.8215,27.0225,37054871.0,1.7014
603801.XSHG,2019-11-29,29.8119,4232.0,26.8481,27.1968,1213815.0,24.3928,26.7174,26.4704,31375268.0,1.4669
603801.XSHG,2019-12-02,29.5358,3313.0,27.3857,27.5164,1081828.5714,24.1604,26.9062,26.8481,28428172.0,1.3074
603801.XSHG,2019-12-03,30.1315,3030.0,27.4583,27.5455,748780.7143,24.6544,27.1677,26.9498,19666544.0,0.9049
603801.XSHG,2019-12-04,30.2041,2090.0,27.0951,27.5309,545362.1429,24.7125,27.2985,27.066,14310769.0,0.6591
603801.XSHG,2019-12-05,29.8119,3139.0,27.313,27.4728,941514.2857,24.3928,27.4583,27.1096,24782981.0,1.1378
603801.XSHG,2019-12-06,30.0443,3743.0,27.6472,27.7634,963628.5714,24.5817,27.5309,27.2549,25507751.0,1.1645
603801.XSHG,2019-12-09,30.4075,4039.0,28.2428,28.5624,1316939.2857,24.8868,27.7779,27.6617,35681765.0,1.5915
603801.XSHG,2019-12-10,31.0613,3613.0,28.1992,28.3881,758985.0,25.4244,28.3445,28.0104,20609499.0,0.9172
603801.XSHG,2019-12-11,31.0177,2932.0,28.1411,28.4753,788840.0,25.3808,28.1557,27.9813,21463371.0,0.9533
603801.XSHG,2019-12-12,30.9596,2814.0,27.8796,28.33,941470.0,25.3227,28.1847,27.7924,25487597.0,1.1377
603801.XSHG,2019-12-13,30.669,4169.0,28.4607,28.7658,1363140.0,25.0902,28.359,28.1847,37410127.0,1.6473
603801.XSHG,2019-12-16,31.3083,5573.0,29.1436,29.1872,1928377.1429,25.6132,28.4898,28.2283,53398202.0,2.3304
603801.XSHG,2019-12-17,32.0637,11230.0,30.1605,30.3058,2934469.2857,26.2234,29.0128,28.7804,83826328.0,3.5862
603801.XSHG,2019-12-18,33.1824,8324.0,30.4511,31.163,3476620.7143,27.1387,30.1896,30.0298,102610460.0,4.2487
603801.XSHG,2019-12-19,33.502,6074.0,30.9451,31.2066,2185793.5714,27.4002,30.6981,30.5237,65158979.0,2.6712
603801.XSHG,2019-12-20,34.0396,6834.0,30.8724,31.4971,2261740.0,27.8506,31.4971,30.7417,67816295.0,2.764
603801.XSHG,2019-12-23,33.9669,6694.0,31.2647,31.8458,2584047.8571,27.7924,30.7998,30.7417,78055074.0,3.1579
603801.XSHG,2019-12-24,34.3882,4356.0,31.6279,31.7877,1479865.7143,28.1411,30.9741,30.3639,44821666.0,1.8085
603801.XSHG,2019-12-25,34.795,4558.0,31.0468,32.1364,1341165.0,28.4607,31.8168,30.8724,40529517.0,1.639
603801.XSHG,2019-12-26,34.1558,5466.0,31.163,31.686,1652868.5714,27.9377,30.8288,30.7853,49836560.0,2.0199
603801.XSHG,2019-12-27,34.2866,11179.0,32.0928,32.8918,3468784.2857,28.054,31.3083,31.1485,107132903.0,4.2391
603801.XSHG,2019-12-30,35.3035,8589.0,32.95,33.1243,2990082.8571,28.8821,31.5407,31.5262,93387360.0,3.6541
603801.XSHG,2019-12-31,36.2479,7894.0,33.8362,34.2575,3020178.5714,29.6521,32.95,32.18,95871502.0,3.6909
603801.XSHG,2020-01-02,37.2212,11995.0,34.6498,34.8386,4276246.4286,30.4511,33.4003,33.0226,139492726.0,5.2259
603801.XSHG,2020-01-03,38.122,7373.0,34.9694,35.9864,2771375.0,31.192,34.5771,33.8798,93374620.0,3.3868
603801.XSHG,2020-01-06,38.4707,5651.0,34.3156,35.4343,2144965.7143,31.4681,34.5481,33.9379,71366616.0,2.6213
603801.XSHG,2020-01-07,37.7443,5712.0,35.2599,35.8265,1902110.0,30.887,34.1413,34.0541,64309955.0,2.3245
603801.XSHG,2020-01-08,38.7903,5769.0,34.6643,35.5214,2036203.5714,31.7296,35.1582,34.1413,68362891.0,2.4884
603801.XSHG,2020-01-09,38.1365,4449.0,35.4052,35.5941,1406957.1429,31.192,34.9403,34.4318,47714078.0,1.7194
603801.XSHG,2020-01-10,38.9501,5333.0,36.2479,37.2939,1980437.8571,31.8603,35.5941,35.1292,69248216.0,2.4203
603801.XSHG,2020-01-13,39.8799,5976.0,35.5941,36.582,2123703.5714,32.6303,36.4077,34.2866,72258287.0,2.5953
603801.XSHG,2020-01-14,39.1535,7255.0,35.3035,35.8265,1998027.1429,32.0347,35.6522,34.6062,67544749.0,2.4418
603801.XSHG,2020-01-15,38.8339,6589.0,34.6933,35.1873,2170637.8571,31.7732,34.9548,34.1267,72118911.0,2.6527
603801.XSHG,2020-01-16,38.1656,8571.0,34.8967,36.6692,2377041.4286,31.2211,34.5916,34.5916,81378171.0,2.9049
603801.XSHG,2020-01-17,38.3835,8827.0,35.8847,36.4658,2578697.1429,31.41,34.8386,34.7515,89141056.0,3.1514
603801.XSHG,2020-01-20,39.4731,8213.0,35.7975,36.7999,2219666.4286,32.2962,35.8847,35.2164,76561283.0,2.7126
603801.XSHG,2020-01-21,39.3714,5880.0,35.5505,36.3931,1520618.5714,32.2235,35.7975,35.1728,52169521.0,1.8583
603801.XSHG,2020-01-22,39.1099,7866.0,34.5626,35.4779,2510889.2857,31.9911,35.289,33.4003,83172774.0,3.0685
603801.XSHG,2020-01-23,38.0203,9603.0,32.95,35.1437,2344973.5714,31.1049,33.8507,32.7175,76342286.0,2.8657
603801.XSHG,2020-02-03,36.2479,260.0,29.6521,29.6521,318785.7143,29.6521,29.6521,29.6521,9108983.0,0.3896
603801.XSHG,2020-02-04,32.6158,15227.0,27.9087,29.3179,5898975.7143,26.6883,26.8772,26.8772,157701568.0,7.209
603801.XSHG,2020-02-05,30.6981,10857.0,28.1121,28.6932,3214497.1429,25.1193,28.1121,27.8796,87450845.0,3.9284
603801.XSHG,2020-02-06,30.9305,8793.0,28.6496,28.7804,2518417.8571,25.3081,28.0975,27.8941,68864050.0,3.0777
603801.XSHG,2020-02-07,31.5117,7399.0,28.4607,28.5915,2344908.5714,25.7876,28.33,27.836,63638223.0,2.8657
603801.XSHG,2020-02-10,31.3083,6448.0,29.1726,29.2598,2090690.0,25.6132,28.3009,28.1266,57943405.0,2.555
603801.XSHG,2020-02-11,32.0928,9642.0,30.2187,31.0177,3290779.2857,26.2525,29.376,28.8385,95431742.0,4.0216
603801.XSHG,2020-02-12,33.2405,7618.0,30.4802,30.64,2576485.0,27.1968,30.2332,29.9862,75359215.0,3.1487
603801.XSHG,2020-02-13,33.5311,7018.0,30.3058,31.192,2387169.2857,27.4292,30.4366,30.1896,70657991.0,2.9173
603801.XSHG,2020-02-14,33.3422,5542.0,31.3228,31.4536,1931122.1429,27.2694,30.5092,30.3058,57637684.0,2.36
603801.XSHG,2020-02-17,34.4609,7701.0,32.3398,32.6739,2442179.2857,28.1847,31.3809,31.163,75730633.0,2.9845
603801.XSHG,2020-02-18,35.5796,6248.0,31.8168,32.5286,2041357.1429,29.1,32.4996,31.5262,62655669.0,2.4947
603801.XSHG,2020-02-19,34.9984,5199.0,31.3519,31.933,1570485.7143,28.6351,31.7296,31.2647,47699395.0,1.9193
603801.XSHG,2020-02-20,34.4899,6416.0,32.1364,32.2817,1597213.5714,28.2138,31.6134,31.3809,49019972.0,1.9519
603801.XSHG,2020-02-21,35.3471,4810.0,32.0637,32.5141,1764223.5714,28.9256,32.1364,31.7732,54687678.0,2.156
603801.XSHG,2020-02-24,35.2745,6118.0,31.5407,32.18,2288729.2857,28.853,31.9185,31.1339,69804347.0,2.797
603801.XSHG,2020-02-25,34.6933,9611.0,30.7998,31.2792,2809574.2857,28.3881,31.2792,28.9256,82691151.0,3.4335
603801.XSHG,2020-02-26,33.8798,11095.0,31.3519,32.1219,3076910.0,27.7198,29.899,29.899,92708598.0,3.7602
603801.XSHG,2020-02-27,34.4899,5912.0,30.7562,31.7586,2178375.7143,28.2138,31.3519,30.6545,65631238.0,2.6622
603801.XSHG,2020-02-28,33.8362,8458.0,28.9983,30.7126,1998700.0,27.6762,29.6811,28.9983,57030163.0,2.4426
603801.XSHG,2020-03-02,31.9039,10263.0,30.9305,31.163,2992995.0,26.0926,29.347,29.347,87191166.0,3.6577
603801.XSHG,2020-03-03,34.025,953.0,34.025,34.025,538178.5714,27.836,34.025,34.025,17645799.0,0.6577
603801.XSHG,2020-03-04,37.4246,4812.0,37.4246,37.4246,5196979.2857,30.6254,37.3375,36.335,186842043.0,6.3511
603801.XSHG,2020-03-05,41.1729,23249.0,37.5409,38.7322,9025482.1429,33.6764,37.7733,36.7128,326660586.0,11.0299
603801.XSHG,2020-03-06,41.2891,13933.0,36.6546,38.0348,4678380.0,33.7926,36.829,35.8556,166411233.0,5.7174
603801.XSHG,2020-03-09,40.3158,13321.0,36.7273,37.7152,5237855.0,32.9935,36.0299,36.0299,186855007.0,6.4011
603801.XSHG,2020-03-10,40.4029,11533.0,36.858,37.628,4299906.4286,33.0517,37.3665,34.9984,150773140.0,5.4821
603801.XSHG,2020-03-11,40.5482,9729.0,36.0299,37.3811,2444834.2857,33.1679,36.858,35.812,86107837.0,3.117
603801.XSHG,2020-03-12,39.6329,8280.0,33.996,35.8847,2623762.1429,32.4269,35.1582,33.7054,87454691.0,3.3451
603801.XSHG,2020-03-13,37.3956,11374.0,33.8798,34.3301,4143430.0,30.5964,31.962,31.6715,131972478.0,5.2826
603801.XSHG,2020-03-16,37.2648,14946.0,30.4947,33.8652,7158022.8571,30.4947,33.6618,30.4947,218578241.0,9.126
603801.XSHG,2020-03-17,33.5456,11101.0,30.3058,31.2792,3177766.4286,27.4438,30.7998,29.3179,92922074.0,4.0514
603801.XSHG,2020-03-18,33.3422,10194.0,29.7828,31.7005,3007892.1429,27.2694,30.5092,29.7828,89748118.0,3.8349
603801.XSHG,2020-03-19,32.7611,8436.0,30.1315,30.7998,2331400.7143,26.8045,30.0734,29.4341,67490999.0,2.9724
603801.XSHG,2020-03-20,33.1388,7488.0,29.8845,30.64,2195313.5714,27.1241,30.2913,29.2307,63122613.0,2.7989
603801.XSHG,2020-03-23,32.8773,8358.0,27.7489,29.4487,2836603.5714,26.8917,29.0273,27.4728,77560044.0,3.6165
603801.XSHG,2020-03-24,30.5237,8104.0,28.4898,28.6932,1929757.1429,24.974,28.33,27.5019,52519532.0,2.4603
603801.XSHG,2020-03-25,31.3373,9298.0,29.7973,30.0734,2780019.2857,25.6423,29.4487,28.4753,78368516.0,3.5443
603801.XSHG,2020-03-26,32.7756,6695.0,29.2889,29.7828,2023262.8571,26.8191,29.3034,28.9256,57293213.0,2.5795
603801.XSHG,2020-03-27,32.2235,8045.0,30.2768,31.2211,2627345.7143,26.3542,29.6666,29.4487,76938853.0,3.3497
603801.XSHG,2020-03-30,33.2986,6391.0,29.7683,30.0588,1899677.1429,27.2549,29.6375,28.9256,54118610.0,2.422
603801.XSHG,2020-03-31,32.7466,6187.0,29.623,30.3349,1583982.8571,26.79,29.8119,29.5649,45673635.0,2.0195
603801.XSHG,2020-04-01,32.5868,4730.0,29.1581,29.9862,1316612.8571,26.6592,29.4922,29.0855,37384207.0,1.6786
603801.XSHG,2020-04-02,32.0783,7210.0,30.117,30.117,1770657.8571,26.2379,29.0564,28.9983,50599024.0,2.2575
603801.XSHG,2020-04-03,33.1243,5782.0,30.0879,30.4947,1283385.7143,27.1096,30.2768,29.7102,37157718.0,1.6362
603801.XSHG,2020-04-07,33.0952,6781.0,30.887,31.192,1646398.5714,27.0806,30.5964,30.3349,48905131.0,2.099
603801.XSHG,2020-04-08,33.9815,5219.0,30.4366,30.7998,1437425.7143,27.7924,30.7998,30.1605,42202640.0,1.8326
603801.XSHG,2020-04-09,33.4875,5572.0,31.1339,31.5553,1838525.7143,27.4002,31.3954,30.5964,55146704.0,2.344
603801.XSHG,2020-04-10,34.243,4782.0,30.4366,31.3373,1487390.7143,28.0249,31.0468,30.0443,43686170.0,1.8963
603801.XSHG,2020-04-13,33.4875,3801.0,30.2622,30.3349,922500.7143,27.4002,29.9862,29.4922,26707592.0,1.1761
603801.XSHG,2020-04-14,33.2841,5362.0,30.7853,30.7853,1670377.1429,27.2404,30.3494,30.0879,49154876.0,2.1296
603801.XSHG,2020-04-15,33.8652,7570.0,30.3639,31.5262,2346110.0,27.7053,31.5262,30.1315,68981982.0,2.9911
603801.XSHG,2020-04-16,33.4003,7361.0,30.669,30.887,2208173.5714,27.3275,30.1896,29.8409,64825741.0,2.8153
603801.XSHG,2020-04-17,33.7345,12627.0,33.0226,33.6618,3575200.7143,27.6036,30.8724,30.7998,112049309.0,4.5581
603801.XSHG,2020-04-20,36.3205,13856.0,34.243,34.9839,3807051.4286,29.7247,32.9209,32.8337,125380917.0,4.8537
603801.XSHG,2020-04-21,37.6716,10615.0,34.5771,35.1292,3241488.5714,30.8143,33.6473,33.6473,107623137.0,4.1327
603801.XSHG,2020-04-22,38.0348,10599.0,34.8967,35.2164,2778855.7143,31.1194,34.6498,34.0686,93139977.0,3.5429
603801.XSHG,2020-04-23,38.3835,12253.0,36.335,37.1486,3358839.2857,31.41,34.9403,34.8096,116773825.0,4.2823
603801.XSHG,2020-04-24,39.9671,9638.0,35.8847,36.9016,2322190.0,32.703,36.3641,35.3035,80302531.0,2.9606
603801.XSHG,2020-04-27,39.4731,6963.0,35.5941,36.3205,1718928.5714,32.2962,35.8701,35.3762,59266268.0,2.1915
603801.XSHG,2020-04-28,39.1535,14788.0,33.8943,35.3326,4968248.5714,32.0347,35.042,32.1364,163167961.0,6.3342
603801.XSHG,2020-04-29,37.2794,10063.0,32.5577,34.5045,2771373.5714,30.5092,34.3592,32.1945,88154071.0,3.5333
603801.XSHG,2020-04-30,35.812,8292.0,33.4149,34.3301,2214072.1429,29.3034,32.3979,32.2962,71142805.0,2.8228
603801.XSHG,2020-05-06,36.7563,12992.0,33.5456,33.9379,2740887.8571,30.0734,33.502,32.1364,87466625.0,3.4944
603801.XSHG,2020-05-07,36.9016,13853.0,34.272,34.9258,3265907.8571,30.1896,33.5892,32.8773,107506149.0,4.1638
603801.XSHG,2020-05-08,37.7007,14942.0,37.7007,37.7007,4642831.4286,30.8434,35.1873,34.3011,163951571.0,5.9193
603801.XSHG,2020-05-11,41.478,23621.0,41.478,41.478,7761127.1429,33.9379,38.3544,38.3544,303497905.0,9.8949
603801.XSHG,2020-05-12,45.6331,31064.0,41.0131,43.5701,8348033.5714,37.3375,42.8582,39.6765,331729057.0,10.6432
603801.XSHG,2020-05-13,45.1101,22996.0,39.9526,41.0422,7266645.7143,36.9162,40.8678,39.0518,280533770.0,9.2645
603801.XSHG,2020-05-14,43.9478,17402.0,38.9937,40.679,4948613.5714,35.9573,40.0978,38.9937,189923861.0,6.3091
603801.XSHG,2020-05-15,42.8872,12220.0,39.3714,40.3158,3671320.0,35.1001,39.4876,39.0518,140603719.0,4.6807
603801.XSHG,2020-05-18,43.3086,10356.0,38.7177,40.0542,2947640.7143,35.4343,39.7056,38.5724,111424341.0,3.758
603801.XSHG,2020-05-19,42.5967,14369.0,40.9841,41.4054,4468315.0,34.8532,38.9356,38.7322,173099178.0,5.6968
603801.XSHG,2020-05-20,45.081,10750.0,41.1729,41.7976,3210527.8571,36.8871,40.2431,40.185,127087538.0,4.0932
603801.XSHG,2020-05-21,45.2844,7892.0,41.1729,42.4078,2296470.7143,37.0614,41.7686,40.0688,91213247.0,2.9278
603801.XSHG,2020-05-22,45.2844,18123.0,39.6475,41.5652,3283114.2857,37.0614,41.1729,39.3278,127227633.0,4.1857
603801.XSHG,2020-05-25,43.6137,8905.0,39.2988,40.6644,2028190.7143,35.6813,40.6644,38.0348,76634294.0,2.5858
603801.XSHG,2020-05-26,43.2359,17848.0,42.4659,43.0616,4281805.7143,35.3762,39.8218,39.6329,173202014.0,5.459
603801.XSHG,2020-05-27,46.7082,6560.0,46.7082,46.7082,3947718.5714,38.2237,42.4223,42.4223,174184740.0,5.0331
603801.XSHG,2020-05-28,51.3862,20224.0,44.8486,47.914,6339636.4286,42.0446,47.0278,43.5991,278802380.0,8.0826
603801.XSHG,2020-05-29,49.3378,17246.0,45.0374,45.8365,3673697.8571,40.3593,45.1536,43.5846,158833090.0,4.6837
603801.XSHG,2020-06-01,49.5412,15027.0,46.0835,47.2166,2901617.1429,40.5337,46.4757,43.8752,127550578.0,3.6994
603801.XSHG,2020-06-02,50.6953,14834.0,43.3959,47.0011,3480647.8571,41.4672,46.3631,43.0398,145336340.0,4.4376
603801.XSHG,2020-06-03,47.7429,21189.0,40.4732,43.3514,7410168.5714,39.0637,43.025,40.1319,290239612.0,9.4475
603801.XSHG,2020-06-04,44.5234,16627.0,39.2566,40.7699,4420155.0,36.4229,40.4583,38.9599,165557192.0,5.6354
603801.XSHG,2020-06-05,43.1882,15493.0,37.7878,39.6127,3938564.2857,35.325,39.4049,37.5949,142234380.0,5.0214
603801.XSHG,2020-06-08,41.571,12925.0,37.4169,38.9302,3391720.7143,34.0046,38.4999,37.0905,121038160.0,4.3242
603801.XSHG,2020-06-09,41.1556,12769.0,37.9807,38.8412,3495935.0,33.6782,37.2389,36.5712,124671598.0,4.4571
603801.XSHG,2020-06-10,41.7787,13830.0,39.0934,39.761,4364228.5714,34.1826,38.0845,37.2389,159278941.0,5.5641
603801.XSHG,2020-06-11,43.0101,10337.0,37.6246,39.034,3196518.5714,35.1915,38.945,37.2389,114318265.0,4.0753
603801.XSHG,2020-06-12,41.393,8195.0,37.2389,37.6098,2205532.8571,33.8562,36.8086,36.7196,77061133.0,2.8119
603801.XSHG,2020-06-15,40.9627,8639.0,36.2003,37.6098,2234192.8571,33.515,37.6098,35.9184,77045499.0,2.8484
603801.XSHG,2020-06-16,39.8204,15009.0,38.589,39.6127,5285697.8571,32.5803,36.4229,35.6217,190643891.0,6.7389
603801.XSHG,2020-06-17,42.4464,11251.0,38.0549,39.0192,3088432.8571,34.7315,39.0192,37.0905,110639613.0,3.9375
603801.XSHG,2020-06-18,41.8678,6651.0,38.2181,38.4554,1707520.0,34.2568,37.9955,37.5356,61490038.0,2.177
603801.XSHG,2020-06-19,42.0458,14465.0,39.8797,41.6155,4363049.2857,34.3903,38.1735,38.1735,165515004.0,5.5626
603801.XSHG,2020-06-22,43.8706,9753.0,39.0192,40.8292,2694600.0,35.8888,40.2061,38.5741,99694148.0,3.4354
603801.XSHG,2020-06-23,42.9211,6716.0,38.5148,39.761,1732420.0,35.1173,38.9895,38.2774,63294362.0,2.2087
603801.XSHG,2020-06-24,42.3722,6804.0,38.0845,39.1676,2057989.2857,34.6574,38.4258,37.8917,74497020.0,2.6238
603801.XSHG,2020-06-29,41.8974,7639.0,38.1884,38.767,2066726.4286,34.2716,38.0549,37.0608,74407963.0,2.6349
603801.XSHG,2020-06-30,42.0013,7375.0,39.5978,40.1764,2167770.7143,34.3755,38.5741,38.1884,80456548.0,2.7638
603801.XSHG,2020-07-01,43.5591,14276.0,42.6244,43.4701,4841590.0,35.6366,39.5978,38.9895,190097826.0,6.1727
603801.XSHG,2020-07-02,46.8824,13970.0,41.9716,43.6333,3505206.4286,38.3664,43.1585,41.393,140155997.0,4.4689
603801.XSHG,2020-07-03,46.1703,11012.0,40.9331,42.2832,3117060.0,37.773,41.6155,40.7699,121436019.0,3.974
603801.XSHG,2020-07-06,45.0279,13671.0,41.2001,41.6897,5236137.1429,36.8383,40.9331,40.3693,203280493.0,6.6757
603801.XSHG,2020-07-07,45.3246,10274.0,41.4969,42.5502,4004678.5714,37.0757,41.1705,40.6512,156551813.0,2.5802
603801.XSHG,2020-07-08,45.651,7590.0,41.6452,42.2535,2566334.2857,37.3427,41.4969,40.5177,100350168.0,1.6535
603801.XSHG,2020-07-09,45.8142,9569.0,41.9864,42.209,3795537.8571,37.4762,41.7639,40.9182,148604256.0,2.4454
603801.XSHG,2020-07-10,46.1851,10585.0,40.7254,43.2327,3751093.5714,37.7878,41.8381,40.4583,147272150.0,2.4168
603801.XSHG,2020-07-13,44.8053,15057.0,43.1585,43.4701,5986918.5714,36.6603,40.3545,40.3248,240125191.0,3.8573
603801.XSHG,2020-07-14,47.4758,21527.0,39.8352,43.3514,8813985.7143,38.8412,43.1733,38.8412,333378909.0,5.6787
603801.XSHG,2020-07-15,43.8261,17978.0,43.8261,43.8261,10398703.5714,35.8591,40.577,40.577,424756138.0,6.6998
603801.XSHG,2020-07-16,48.2028,21243.0,42.0458,44.5086,8368479.2857,39.4495,43.8706,40.1171,337121687.0,5.3917
603801.XSHG,2020-07-17,46.2444,19347.0,44.835,45.2207,6810346.4286,37.8471,41.9864,40.8144,282079035.0,4.3878
603801.XSHG,2020-07-20,49.3155,18067.0,47.4758,48.9446,7668356.4286,40.3545,45.3394,43.7668,337305899.0,4.9406
603801.XSHG,2020-07-21,52.2234,11280.0,48.455,49.1672,4680095.7143,42.7283,47.0011,46.0219,211191525.0,3.0153
603801.XSHG,2020-07-22,53.3065,8819.0,48.099,48.8408,3536897.1429,43.6036,47.9506,46.4373,158635590.0,2.2788
603801.XSHG,2020-07-23,52.9059,8536.0,46.1554,48.0693,3455504.2857,43.292,47.639,45.3543,150884112.0,2.2263
603801.XSHG,2020-07-24,50.7695,10108.0,42.8766,47.0011,3853642.8571,41.5414,46.2889,42.8766,161617858.0,2.4829
603801.XSHG,2020-07-27,47.1643,7970.0,41.9123,43.6481,3225608.5714,38.589,42.8618,40.9924,127623367.0,2.0782
603801.XSHG,2020-07-28,46.1109,8336.0,42.6689,42.7728,2504790.7143,37.7285,42.7728,41.4078,99144901.0,1.6138
603801.XSHG,2020-07-29,46.9417,7975.0,44.2119,44.746,3448434.2857,38.3961,42.5354,42.0161,142653454.0,2.2218
603801.XSHG,2020-07-30,48.6331,6366.0,43.6184,44.7163,2309874.2857,39.7907,44.3306,42.8766,95080810.0,1.4882
603801.XSHG,2020-07-31,47.9803,8758.0,43.3217,45.3691,2878505.0,39.2566,43.8113,42.6986,118902549.0,1.8546
603801.XSHG,2020-08-03,47.6539,7324.0,43.7371,43.752,2844597.1429,38.9895,43.3514,42.8915,116484962.0,1.8327
603801.XSHG,2020-08-04,48.1138,7388.0,44.0487,45.102,2318391.4286,39.3604,44.108,43.4997,96776061.0,1.4937
603801.XSHG,2020-08-05,48.455,11275.0,46.3631,47.1494,3539941.4286,39.6423,43.6481,43.0695,151679543.0,2.2807
603801.XSHG,2020-08-06,51.0069,7913.0,46.8824,47.8319,2749229.2857,41.7342,46.3631,45.74,120747579.0,1.7713
603801.XSHG,2020-08-07,51.5706,9941.0,48.915,50.176,3991668.5714,42.1942,46.1257,46.1257,181674656.0,2.5718
603801.XSHG,2020-08-10,53.8109,8654.0,53.8109,53.8109,3956225.7143,44.019,48.8853,48.4847,192462940.0,2.5489
603801.XSHG,2020-08-11,59.1964,20685.0,54.5824,59.1964,7514892.1429,48.4254,55.2945,53.8109,400912594.0,4.8417
603801.XSHG,2020-08-12,60.0421,15381.0,52.5201,55.6209,4759659.2857,49.1227,53.5142,51.4223,239612742.0,3.0666
603801.XSHG,2020-08-13,57.7722,11822.0,53.5142,54.8939,3792800.0,47.2681,53.1284,51.7487,191796639.0,2.4437
603801.XSHG,2020-08-14,58.87,13226.0,58.87,58.87,4257836.4286,48.1583,53.6329,53.6329,231924535.0,2.7433
603801.XSHG,2020-08-17,64.76,17158.0,61.8521,62.861,5087542.8571,52.9801,58.9887,58.9887,292745234.0,3.2778
603801.XSHG,2020-08-18,68.0388,12355.0,61.5999,63.6473,3877275.0,55.6654,57.965,57.8612,225014027.0,2.4981
603801.XSHG,2020-08-19,67.7569,11775.0,61.1251,63.6473,2989371.4286,55.4429,60.8284,60.0124,173189536.0,1.926
603801.XSHG,2020-08-20,67.2377,21137.0,57.1342,63.2912,5703415.7143,55.0126,60.8284,55.9028,314603814.0,3.6746
603801.XSHG,2020-08-21,62.8461,21898.0,56.8375,58.8255,4744012.8571,51.4223,57.3419,55.4874,255825678.0,3.0565
603801.XSHG,2020-08-24,62.5197,12822.0,57.965,58.7068,2543602.1429,51.1552,56.5259,56.155,138679749.0,1.6388
603801.XSHG,2020-08-25,63.766,22045.0,54.0334,57.5645,4874010.0,52.1641,57.3716,53.5735,252662659.0,3.1403
603801.XSHG,2020-08-26,59.4338,17025.0,53.618,55.339,2969377.1429,48.6331,55.2203,52.7427,150204272.0,1.9131
603801.XSHG,2020-08-27,58.9739,13079.0,53.9444,55.4577,2399555.0,48.2622,53.5438,53.1136,122328097.0,1.546
603801.XSHG,2020-08-28,59.3448,16937.0,53.2471,54.7011,4322779.2857,48.544,54.3895,51.5855,215205406.0,2.7851
603801.XSHG,2020-08-31,58.5733,17430.0,55.428,57.3864,3825989.2857,47.9209,53.5142,52.8911,200033255.0,2.465
603801.XSHG,2020-09-01,60.9768,16721.0,54.2263,55.9325,4029735.7143,49.8793,55.9325,51.7338,202460343.0,2.5963
603801.XSHG,2020-09-02,59.6564,18285.0,56.5853,58.5288,3642754.2857,48.8111,54.7011,54.7011,194398794.0,2.347
603801.XSHG,2020-09-03,62.2379,13554.0,54.0186,55.8138,2895781.4286,50.9327,55.8138,53.4103,148218782.0,1.8657
603801.XSHG,2020-09-04,59.419,10126.0,54.9681,55.4726,2055152.8571,48.6182,52.2976,52.2976,105036951.0,1.3241
603801.XSHG,2020-09-07,60.4724,8262.0,52.6685,55.9028,1796096.4286,49.4787,54.5527,52.5795,91165663.0,1.1572
603801.XSHG,2020-09-08,57.9354,7703.0,52.1344,53.4103,1618980.7143,47.4017,53.4103,50.4431,79177480.0,1.0431
603801.XSHG,2020-09-09,57.3419,9064.0,48.8853,52.1047,1889840.7143,46.9269,52.1047,48.7963,88841396.0,1.2176
603801.XSHG,2020-09-10,53.7812,12763.0,50.5024,52.446,3151105.7143,44.0042,48.9298,48.6182,151076273.0,2.0302
603801.XSHG,2020-09-11,55.5467,11878.0,51.6893,52.4608,1970925.7143,45.4581,51.8228,49.5529,95857014.0,1.2698
603801.XSHG,2020-09-14,56.8523,7651.0,51.986,53.1136,1282394.2857,46.5263,53.1136,51.3333,62732054.0,0.8262
603801.XSHG,2020-09-15,57.1787,8311.0,52.3569,52.9207,1113062.1429,46.7934,52.9207,51.3481,54606776.0,0.7171
603801.XSHG,2020-09-16,57.5941,5693.0,52.0454,52.5647,1115133.5714,47.1198,51.8377,51.3481,54598154.0,0.7185
603801.XSHG,2020-09-17,57.2529,12629.0,52.6685,53.618,2067873.5714,46.8379,51.8228,50.4431,102559630.0,1.3323
603801.XSHG,2020-09-18,57.9354,15140.0,53.0246,55.7841,2321952.1429,47.4017,53.1878,52.1492,118142293.0,1.496
603801.XSHG,2020-09-21,58.3211,12746.0,52.4756,53.3806,1619517.8571,47.7281,53.1136,52.0751,80405101.0,1.0434
603801.XSHG,2020-09-22,57.7277,6759.0,50.8882,52.9504,1179376.4286,47.2236,51.808,50.8585,57652359.0,0.7599
603801.XSHG,2020-09-23,55.977,7894.0,50.8882,51.7487,1307315.7143,45.7993,51.0217,50.2354,62886430.0,0.8423
603801.XSHG,2020-09-24,55.977,8452.0,49.5381,51.7042,1694225.7143,45.7993,51.3481,48.8556,79398562.0,1.0916
603801.XSHG,2020-09-25,54.4934,19069.0,48.0841,49.2562,3521632.1429,44.5828,48.9743,46.2741,158639277.0,2.2689
603801.XSHG,2020-09-28,52.8911,16403.0,45.7548,49.7013,3482393.5714,43.2772,48.366,45.6807,153648939.0,2.2437
603801.XSHG,2020-09-29,50.3244,12503.0,45.9625,46.4818,1866381.4286,41.1853,46.1257,44.9537,80568840.0,1.2025
603801.XSHG,2020-09-30,50.5618,10364.0,46.0219,47.2978,1620387.8571,41.3633,46.8379,45.5916,70843924.0,1.044
603801.XSHG,2020-10-09,50.6211,8908.0,47.55,48.366,1550562.1429,41.4227,46.1109,46.1109,69301573.0,0.999
603801.XSHG,2020-10-12,52.3124,12294.0,47.4165,48.7369,2792668.5714,42.8024,47.9358,47.0456,125577383.0,1.7993
603801.XSHG,2020-10-13,52.1641,16703.0,51.1849,51.1849,2884800.0,42.6689,47.2681,46.4967,132595777.0,1.8586
603801.XSHG,2020-10-14,56.3034,16622.0,50.2057,51.3333,3535906.4286,46.0664,50.4579,48.7518,166404291.0,2.2781
603801.XSHG,2020-10-15,55.2203,13038.0,51.4816,51.8674,2632879.2857,45.1911,49.7013,49.1375,126347671.0,1.6963
603801.XSHG,2020-10-16,56.6298,10298.0,51.8525,52.2234,2386126.4286,46.3335,50.725,50.5618,115941463.0,1.5374
603801.XSHG,2020-10-19,57.0452,8829.0,52.2679,52.8911,2221492.1429,46.6747,51.3481,50.7101,109327764.0,1.4313
603801.XSHG,2020-10-20,57.4903,8021.0,52.3718,52.9504,1285732.8571,47.0456,52.9504,51.4816,63153165.0,0.8284
603801.XSHG,2020-10-21,57.609,8214.0,51.2146,52.9504,1661823.5714,47.1346,52.3569,50.1464,80336379.0,1.0682
603801.XSHG,2020-10-22,56.3331,19629.0,50.4431,52.6982,6152636.4286,46.0961,51.9267,48.5737,291792310.0,3.9549
603801.XSHG,2020-10-23,55.4874,13985.0,48.9298,52.0751,4256145.7143,45.3988,50.4431,48.2176,203515544.0,2.7358
603801.XSHG,2020-10-26,53.8257,7994.0,50.5173,51.4816,1927950.0,44.0338,48.5144,47.5945,91129828.0,1.2393
603801.XSHG,2020-10-27,55.5764,7140.0,49.6123,51.1849,1328231.4286,45.473,51.1849,49.0781,62198188.0,0.8538
603801.XSHG,2020-10-28,54.5675,11054.0,51.9267,52.8169,2399078.5714,44.657,48.9743,48.6776,116326708.0,1.5421
603801.XSHG,2020-10-29,57.1194,14618.0,55.8435,56.6743,3253415.0,46.734,51.5113,51.3333,168596715.0,2.0913
603801.XSHG,2020-10-30,61.4219,11215.0,55.5022,57.6683,2654242.8571,50.265,55.9473,54.8939,141514079.0,1.7061
603801.XSHG,2020-11-02,61.051,9996.0,56.882,57.4903,2098252.1429,49.9535,56.0512,55.6654,112317305.0,1.3487
603801.XSHG,2020-11-03,62.5643,9646.0,55.2648,57.5496,1867315.7143,51.1997,57.4903,54.9088,98150331.0,1.2003
603801.XSHG,2020-11-04,60.7987,8053.0,55.4577,56.6743,1220314.2857,49.7458,55.6209,54.7456,64027438.0,0.7844
603801.XSHG,2020-11-05,61.0065,7769.0,57.5348,57.8909,1628018.5714,49.909,55.9918,55.6358,87597127.0,1.0465
603801.XSHG,2020-11-06,63.2912,6268.0,57.876,58.3656,1051129.2857,51.7783,57.7573,56.8968,57140636.0,0.6757
603801.XSHG,2020-11-09,63.6621,9932.0,59.6712,60.7394,2001695.0,52.0899,58.2469,58.2469,112592521.0,1.2867
603801.XSHG,2020-11-10,65.6353,7056.0,59.3745,60.3833,1158500.7143,53.707,59.1964,57.5496,64313643.0,0.7447
603801.XSHG,2020-11-11,65.309,8943.0,58.2618,60.0866,1670617.1429,53.44,59.0777,57.7573,92466325.0,1.0739
603801.XSHG,2020-11-12,64.0924,8472.0,57.1342,58.7514,1202521.4286,52.4311,58.0986,56.6743,65183413.0,0.773
603801.XSHG,2020-11-13,62.8461,9769.0,56.8226,57.149,1550372.8571,51.4223,56.8226,55.1165,82082197.0,0.9966
603801.XSHG,2020-11-16,62.5049,6388.0,56.5259,57.609,838695.7143,51.1404,57.1045,55.1758,44495838.0,0.5391
603801.XSHG,2020-11-17,62.1785,7327.0,57.2677,58.7514,1349323.5714,50.8733,56.5259,55.6951,72962796.0,0.8673
603801.XSHG,2020-11-18,62.9945,8225.0,57.8612,58.1579,1568108.5714,51.541,56.3776,54.8939,83718404.0,1.008
603801.XSHG,2020-11-19,63.6473,9859.0,59.9382,60.6355,1777951.4286,52.0751,57.7128,57.1342,99858330.0,1.1429
603801.XSHG,2020-11-20,65.9321,7944.0,62.6088,63.0242,1574202.1429,53.9444,59.8641,59.3596,91905901.0,1.0119
603801.XSHG,2020-11-23,68.8696,6787.0,65.0271,65.5612,1426467.8571,56.3479,61.6889,60.8284,85759767.0,0.9169
603801.XSHG,2020-11-24,71.5253,8123.0,63.2912,66.5107,1418874.2857,58.5288,64.5375,62.312,85502149.0,0.912
603801.XSHG,2020-11-25,69.6263,8370.0,59.9382,63.6473,1407784.2857,56.9562,62.8016,59.3596,80850166.0,0.9049
603801.XSHG,2020-11-26,65.9321,5884.0,58.8849,60.3833,911736.4286,53.9444,59.9679,58.3211,50840708.0,0.5861
603801.XSHG,2020-11-27,64.7748,8006.0,57.9799,59.6119,1280882.8571,52.9949,59.6119,57.1194,69893124.0,0.8233
603801.XSHG,2020-11-30,63.7808,11076.0,56.7336,58.9887,2256901.4286,52.1789,58.9887,55.6803,120475038.0,1.4507
603801.XSHG,2020-12-01,62.4011,15670.0,55.9028,57.1787,3210133.5714,51.0662,56.9413,54.9681,169010354.0,2.0635
603801.XSHG,2020-12-02,61.496,7619.0,55.9473,56.6001,1204713.5714,50.3096,55.6358,55.339,63579432.0,0.7744
603801.XSHG,2020-12-03,61.5406,8389.0,56.3034,57.06,1366612.1429,50.3541,54.7901,54.7753,72498236.0,0.8785
603801.XSHG,2020-12-04,61.9411,7153.0,55.9473,57.5051,1116475.7143,50.6805,56.066,55.4874,59367882.0,0.7177
603801.XSHG,2020-12-07,61.5406,5232.0,55.5616,56.2292,674737.8571,50.3541,55.9176,55.2203,35423395.0,0.4337
603801.XSHG,2020-12-08,61.1251,5645.0,54.9384,56.0808,849297.1429,50.0128,55.3984,54.9236,44358780.0,0.5459
603801.XSHG,2020-12-09,60.4278,7897.0,53.4103,55.2945,1287246.4286,49.4491,54.8939,52.8762,65331589.0,0.8274
603801.XSHG,2020-12-10,58.7514,6196.0,52.4608,53.5438,909337.8571,48.0693,53.1433,52.0009,45139360.0,0.5845
603801.XSHG,2020-12-11,57.7128,6710.0,51.7487,53.0394,1177685.7143,47.2088,52.4608,50.4431,57520463.0,0.757
603801.XSHG,2020-12-14,56.9265,6664.0,52.0899,52.8317,871196.4286,46.5708,52.1344,51.0959,42789041.0,0.56
603801.XSHG,2020-12-15,57.2974,7773.0,51.6596,53.0394,1486793.5714,46.8824,51.9267,51.3333,72962915.0,0.9557
603801.XSHG,2020-12-16,56.8226,9156.0,50.4431,52.4608,1670916.4286,46.4967,51.1849,49.998,80522224.0,1.0741
603801.XSHG,2020-12-17,55.4874,8566.0,51.3333,51.4816,1399559.2857,45.3988,50.903,49.7755,67102490.0,0.8996
603801.XSHG,2020-12-18,56.4666,9086.0,50.265,51.6151,1632475.7143,46.1999,51.6003,50.0722,77998600.0,1.0493
603801.XSHG,2020-12-21,55.2945,8321.0,51.0514,51.8525,1507412.1429,45.2356,50.3096,49.8793,72384251.0,0.969
603801.XSHG,2020-12-22,56.155,11278.0,48.4995,51.3036,2017366.4286,45.9477,51.2739,48.1435,93904593.0,1.2968
603801.XSHG,2020-12-23,53.351,9275.0,48.2028,49.0781,1343320.0,43.6481,48.1583,47.8764,61362505.0,0.8635
603801.XSHG,2020-12-24,53.0246,11535.0,46.6153,48.8704,2337195.7143,43.381,48.6182,46.5412,103771613.0,1.5023
603801.XSHG,2020-12-25,51.2739,8343.0,47.3423,47.55,1376880.7143,41.9568,46.8972,46.2444,60914910.0,0.8851
603801.XSHG,2020-12-28,52.0751,10905.0,46.4373,47.6242,1670312.8571,42.6096,46.8824,46.0219,73603762.0,1.0737
603801.XSHG,2020-12-29,51.081,8076.0,47.6094,48.0545,1379774.2857,41.7936,46.2444,46.0812,61678112.0,0.8869
603801.XSHG,2020-12-30,52.3718,10688.0,48.9595,49.6123,1648336.4286,42.8469,48.2176,47.5797,76025598.0,1.0595
603801.XSHG,2020-12-31,53.8554,14330.0,51.1997,52.6685,2950607.8571,44.0635,49.4787,48.2176,143365517.0,1.8966
603801.XSHG,2021-01-04,56.3182,20252.0,47.9654,51.9267,4343135.0,46.0812,49.9683,46.8082,200960819.0,2.7918
603801.XSHG,2021-01-05,52.7575,18201.0,48.4254,50.7101,3852540.7143,43.1733,48.2028,47.8171,179565580.0,2.4764
603801.XSHG,2021-01-06,53.262,13579.0,47.6984,49.2562,2052966.4286,43.5888,48.3067,47.3275,93123169.0,1.3196
603801.XSHG,2021-01-07,52.4756,13357.0,45.102,48.1286,3218665.0,42.936,47.4758,44.5976,138842106.0,2.0689
603801.XSHG,2021-01-08,49.6123,15024.0,45.9774,46.5708,2450334.2857,40.5918,45.102,44.8053,105998307.0,1.5751
603801.XSHG,2021-01-11,50.5766,10083.0,46.1554,47.1791,1643560.0,41.3782,45.7548,44.7757,71053982.0,1.0565
603801.XSHG,2021-01-12,50.7695,11786.0,45.6362,46.9566,2320862.1429,41.5414,46.1554,45.0724,100812285.0,1.4918
603801.XSHG,2021-01-13,50.2057,12010.0,46.0071,46.3928,2529726.4286,41.0666,45.74,44.3157,108134611.0,1.6261
603801.XSHG,2021-01-14,50.6063,14210.0,47.8764,49.2265,4216230.0,41.4078,45.9922,45.6213,192011442.0,2.7102
603801.XSHG,2021-01-15,52.6685,16269.0,51.7042,52.0009,3512144.2857,43.0843,48.0248,48.0248,167197134.0,2.2576
603801.XSHG,2021-01-18,56.882,13523.0,54.5675,55.161,2983322.1429,46.5412,51.7783,51.7042,151939467.0,1.9177
603801.XSHG,2021-01-19,60.0273,13545.0,54.6121,55.5171,2309095.0,49.1078,54.256,53.6032,118964334.0,1.4843
603801.XSHG,2021-01-20,60.0718,11731.0,56.1847,56.704,2013683.5714,49.1523,54.8791,53.8554,105276192.0,1.2944
603801.XSHG,2021-01-21,61.8076,12596.0,59.2261,59.8641,2484060.0,50.5618,56.155,55.977,137904925.0,1.5967
603801.XSHG,2021-01-22,65.1458,11515.0,57.698,59.0332,1837187.8571,53.3065,58.9294,56.3776,99861013.0,1.1809
603801.XSHG,2021-01-25,63.4693,16091.0,55.3984,58.5882,2686663.5714,51.9267,57.2381,53.8554,140462986.0,1.727
603801.XSHG,2021-01-26,60.9323,11582.0,56.3776,57.4013,1613327.8571,49.8645,55.3687,54.8791,85977827.0,1.037
603801.XSHG,2021-01-27,62.0153,16698.0,58.6475,60.5317,2817912.1429,50.7398,57.6386,56.6891,156893238.0,1.8113
603801.XSHG,2021-01-28,64.5078,11650.0,56.5408,58.8107,1914180.0,52.7872,57.0749,56.5259,104040760.0,1.2304
603801.XSHG,2021-01-29,62.1934,10992.0,58.3359,59.9382,1790208.5714,50.8882,56.9117,56.9117,98817862.0,1.1507
603801.XSHG,2021-02-01,64.1666,16443.0,59.2113,60.0866,2605833.5714,52.5053,58.0095,57.1194,144080410.0,1.675
603801.XSHG,2021-02-02,65.1309,17641.0,61.3922,63.6176,2596527.8571,53.2916,59.4783,58.6178,151031559.0,1.669
603801.XSHG,2021-02-03,67.5344,14531.0,67.5195,67.5344,3616573.5714,55.25,60.6801,60.6355,224107043.0,2.3247
603801.XSHG,2021-02-04,74.27,22148.0,74.27,74.27,7418051.4286,60.7691,71.2138,67.9646,511338514.0,4.7683
603801.XSHG,2021-02-05,81.703,42771.0,73.1425,80.7089,8282407.8571,66.8371,77.801,72.7122,596720035.0,5.3239
603801.XSHG,2021-02-08,80.4567,33622.0,77.3114,79.7891,5601288.5714,65.8282,74.7448,73.5876,403457303.0,3.6005
603801.XSHG,2021-02-09,85.0411,18080.0,80.5902,81.7475,2991792.8571,69.5818,76.7477,76.7477,226468819.0,1.9231
603801.XSHG,2021-02-10,88.6463,17029.0,83.3053,84.5367,2674498.5714,72.5342,80.2935,80.1748,208725122.0,1.7192
603801.XSHG,2021-02-18,91.6432,25840.0,82.4596,87.0143,3321887.8571,74.9822,83.2459,81.5991,263152928.0,2.1353
603801.XSHG,2021-02-19,90.7085,28206.0,83.3349,88.2309,3592607.1429,74.2107,82.697,80.9611,284519990.0,2.3093
603801.XSHG,2021-02-22,91.6729,34377.0,75.3086,83.5723,5444775.0,74.997,83.5723,74.997,397649248.0,3.4999
603801.XSHG,2021-02-23,82.8453,26795.0,73.276,77.3708,3839293.5714,67.7718,76.1097,72.4748,270337923.0,2.4679
603801.XSHG,2021-02-24,80.6051,27361.0,71.0654,74.4926,3558679.2857,65.9469,74.4926,70.3533,241657839.0,2.2875
603801.XSHG,2021-02-25,78.1719,25634.0,70.6055,74.4629,3355677.1429,63.9589,71.822,70.3088,226850233.0,2.157
603801.XSHG,2021-02-26,77.6675,19608.0,68.751,71.4511,3238261.4286,63.5434,69.2702,67.8756,211585809.0,2.0815
603801.XSHG,2021-03-01,75.6201,25719.0,71.0506,72.0594,3990601.4286,61.8818,69.4037,68.4246,264801921.0,2.5651
603801.XSHG,2021-03-02,78.1571,18609.0,69.6708,70.9319,2310640.7143,63.944,70.1752,68.6916,151971156.0,1.4853
603801.XSHG,2021-03-03,76.6438,20655.0,72.1929,72.8903,3326872.1429,62.6978,69.0922,68.1723,223572058.0,2.1385
603801.XSHG,2021-03-04,79.4182,18005.0,70.7242,73.5727,3361539.2857,64.9677,71.2286,70.5016,228020455.0,2.1608
603801.XSHG,2021-03-05,77.801,16169.0,77.801,77.801,2838935.7143,63.6473,69.9972,69.1812,198602523.0,1.8249
603801.XSHG,2021-03-08,85.5752,34415.0,70.0269,78.6764,5646089.2857,70.0269,78.6319,70.0269,391675618.0,3.6293
603801.XSHG,2021-03-09,77.0296,23555.0,66.5849,68.9438,3997844.2857,63.0242,67.6234,64.3594,253176400.0,2.5698
603801.XSHG,2021-03-10,73.2463,20422.0,67.7718,69.1219,2792595.0,59.9234,66.8371,66.7777,178718775.0,1.7951
603801.XSHG,2021-03-11,74.5519,14957.0,74.5519,74.5519,3406585.7143,60.9916,68.751,68.2614,234655488.0,2.1897
603801.XSHG,2021-03-12,82.0145,21143.0,74.5816,77.1037,2982137.8571,67.1041,76.2284,74.4332,212160440.0,1.9169
603801.XSHG,2021-03-15,82.0442,16323.0,73.3502,75.6646,2104312.8571,67.119,75.6646,71.4363,144413525.0,1.3526
603801.XSHG,2021-03-16,80.6793,18790.0,76.2581,76.7032,2843213.5714,66.0211,73.8843,72.2523,201555815.0,1.8276
603801.XSHG,2021-03-17,83.8839,20099.0,79.0769,80.5161,3273985.0,68.6323,76.54,71.6588,239280401.0,2.1045
603801.XSHG,2021-03-18,86.9846,23739.0,86.7918,86.9846,4120150.0,71.1693,78.9286,78.1126,327071468.0,2.6484
603801.XSHG,2021-03-19,95.4709,18083.0,85.412,88.127,2408425.7143,78.1126,84.9076,84.418,195453473.0,1.5481
603801.XSHG,2021-03-22,93.9577,14185.0,86.05,88.854,2547031.4286,76.8664,85.3527,83.8097,206971047.0,1.6372
603801.XSHG,2021-03-23,94.655,31852.0,89.4771,91.658,5476178.5714,77.445,87.5336,84.685,459238254.0,3.5199
603801.XSHG,2021-03-24,98.4234,29274.0,88.0528,91.9844,3910673.5714,80.5309,91.4058,84.3883,325622546.0,2.5136
603801.XSHG,2021-03-25,96.8655,32219.0,86.7769,91.5542,5094216.4286,79.255,87.9787,81.5991,414926648.0,3.2744
603801.XSHG,2021-03-26,95.4561,31636.0,80.6644,85.3082,5431627.1429,78.0978,83.5723,78.1868,408891195.0,3.4912
603801.XSHG,2021-03-29,88.7353,23828.0,82.6821,83.4536,3586635.0,72.5935,80.9315,79.166,276587947.0,2.3053
603801.XSHG,2021-03-30,90.9459,25339.0,86.495,88.2754,3527104.2857,74.4184,83.6613,82.697,284915590.0,2.2671
603801.XSHG,2021-03-31,95.1446,20812.0,85.6049,86.7918,2537537.1429,77.8455,84.5663,83.5723,204471454.0,1.631
603801.XSHG,2021-04-01,94.1654,16052.0,88.8837,89.8629,2141824.2857,77.0444,87.4594,85.9016,177600884.0,1.3767
603801.XSHG,2021-04-02,97.7706,17534.0,87.3852,91.3168,2212693.5714,79.9968,90.2783,85.7236,183331584.0,1.4222
603801.XSHG,2021-04-06,96.1237,17176.0,87.3259,90.7975,2177897.8571,78.6467,87.0885,86.0945,180988497.0,1.3999
603801.XSHG,2021-04-07,96.0644,18516.0,85.3378,88.9579,2094865.0,78.5874,88.9579,84.0471,169283779.0,1.3465
603801.XSHG,2021-04-08,93.8686,22131.0,90.3525,90.3821,3164497.8571,76.807,87.3555,85.9016,264380387.0,2.034
603801.XSHG,2021-04-09,99.3877,21669.0,91.4948,93.1713,2829087.1429,81.3172,90.2189,87.9935,241811833.0,1.8184
603801.XSHG,2021-04-12,100.6488,29657.0,82.6376,97.0287,6174115.0,82.3409,90.8569,82.3409,497554130.0,3.9685
603801.XSHG,2021-04-13,90.9014,24954.0,81.5398,85.5752,3433360.0,74.3739,82.786,80.5606,269462703.0,2.2068
603801.XSHG,2021-04-14,89.6997,15889.0,83.8245,84.9966,2054024.2857,73.3798,82.3409,80.8573,162067704.0,1.3202
603801.XSHG,2021-04-15,92.207,22731.0,82.608,83.7949,3423660.7143,75.4421,83.7652,77.5191,260184722.0,2.2006
603801.XSHG,2021-04-16,90.8717,17662.0,80.1452,83.7503,2490570.7143,74.3442,83.2756,78.6615,188787774.0,1.6008
603801.XSHG,2021-04-19,88.1567,21509.0,81.0057,83.0827,2912465.0,72.1336,80.0413,78.0384,222089347.0,1.872
603801.XSHG,2021-04-20,89.1062,31510.0,77.5637,80.2193,4688225.0,72.9051,80.2193,75.4421,343879610.0,3.0134
603801.XSHG,2021-04-21,85.323,17315.0,77.8159,79.166,2481083.5714,69.8043,79.166,76.718,182365169.0,1.5947
603801.XSHG,2021-04-22,85.6049,12966.0,77.3411,78.7802,2094172.1429,70.0417,77.8307,76.9554,153831400.0,1.3461
603801.XSHG,2021-04-23,85.0708,9436.0,76.2877,77.89,1256760.7143,69.6115,77.6675,75.813,90864626.0,0.8078
603801.XSHG,2021-04-26,83.9135,18033.0,73.7062,76.8218,2591940.7143,68.6619,76.1987,72.9644,182077056.0,1.666
603801.XSHG,2021-04-27,81.0798,13825.0,73.9139,76.3174,1767297.1429,66.3327,73.4392,72.8457,124237861.0,1.1359
603801.XSHG,2021-04-28,81.3024,14033.0,72.6232,74.5074,1860675.7143,66.5255,73.8546,71.6588,127747981.0,1.196
603801.XSHG,2021-04-29,79.8929,10562.0,72.0298,73.4095,1372008.5714,65.3683,72.9348,71.3621,93450180.0,0.8819
603801.XSHG,2021-04-30,79.2401,15278.0,71.1544,74.0771,2294195.0,64.8342,72.371,70.65,156167877.0,1.4746
603801.XSHG,2021-05-06,78.2758,18397.0,72.6825,73.5876,2595055.0,64.033,71.1989,69.2999,177132112.0,1.668
603801.XSHG,2021-05-07,79.9523,15816.0,70.0269,73.4244,1955395.7143,65.4128,72.6974,69.9675,131715474.0,1.2569
603801.XSHG,2021-05-10,77.0296,12442.0,69.7301,70.3978,1932837.8571,63.0242,69.4483,68.6916,127006632.0,1.2424
603801.XSHG,2021-05-11,76.7032,8331.0,68.4839,69.8488,1215598.5714,62.7571,68.6323,67.8311,78546901.0,0.7813
603801.XSHG,2021-05-12,75.3382,8914.0,68.0833,68.4839,1175387.8571,61.6296,68.4839,66.6145,75028213.0,0.7555
603801.XSHG,2021-05-13,74.8931,7552.0,66.9409,68.6323,1125083.5714,61.2735,68.5136,66.4662,71304739.0,0.7232
603801.XSHG,2021-05-14,73.6321,8412.0,67.8014,68.113,1231840.7143,60.2498,67.5047,66.6145,78519967.0,0.7918
603801.XSHG,2021-05-17,74.5816,20678.0,71.3176,71.4956,3248855.7143,61.0213,68.0982,67.119,214532798.0,2.0882
603801.XSHG,2021-05-18,78.4538,16102.0,73.0238,74.1217,3482302.1429,64.1814,69.745,69.5966,237935095.0,2.2383
603801.XSHG,2021-05-19,80.3319,11623.0,71.6171,74.6979,1585290.3061,65.7299,73.1997,71.4905,107100869.0,1.0196
603801.XSHG,2021-05-20,78.7704,24083.0,69.0217,70.8997,3062726.0204,64.4639,70.6887,68.3254,196801571.0,1.9698
603801.XSHG,2021-05-21,75.9218,14299.0,70.5621,71.4905,1845595.4082,62.1216,69.2116,68.9373,120614617.0,1.187
603801.XSHG,2021-05-24,77.6098,16064.0,72.6511,73.3896,1840926.0204,63.5143,70.2245,69.3804,123374596.0,1.184
603801.XSHG,2021-05-25,79.9099,20389.0,76.5548,77.2722,2847145.9184,65.3923,73.3052,71.4272,198587339.0,1.8311
603801.XSHG,2021-05-26,84.2145,15840.0,76.175,78.1796,2366061.7347,68.8951,75.2465,75.1199,168491490.0,1.5217
603801.XSHG,2021-05-27,83.7925,13487.0,75.3309,76.9979,2262972.449,68.5575,76.175,74.4869,158989388.0,1.4554
603801.XSHG,2021-05-28,82.864,14405.0,74.1493,75.964,1883790.8163,67.7978,75.2676,73.6006,130296866.0,1.2116
603801.XSHG,2021-05-31,81.5558,11688.0,74.0649,75.1199,1735518.3673,66.7428,73.7905,73.0098,119636247.0,1.1162
603801.XSHG,2021-06-01,81.4713,22054.0,79.319,79.7833,3548801.0204,66.6584,74.0016,73.8116,257221454.0,2.2824
603801.XSHG,2021-06-02,87.253,15745.0,78.5594,80.1631,2077253.0612,71.385,78.9814,78.0741,152607753.0,1.336
603801.XSHG,2021-06-03,86.409,20672.0,79.0236,81.408,2744534.6939,70.7098,78.4961,76.3438,202397014.0,1.7651
603801.XSHG,2021-06-04,86.9365,13893.0,79.3401,79.5511,1787808.6735,71.1318,78.2218,77.1878,130559091.0,1.1498
603801.XSHG,2021-06-07,87.2741,15358.0,76.3227,79.8888,2068764.2857,71.4061,78.7704,75.4575,147956002.0,1.3305
603801.XSHG,2021-06-08,83.9613,13494.0,76.5759,77.6098,1854462.7551,68.6841,76.7447,74.8456,131788864.0,1.1927
603801.XSHG,2021-06-09,84.2356,10390.0,75.964,76.5759,1476593.3673,68.9162,75.964,75.2254,104069918.0,0.9497
603801.XSHG,2021-06-10,83.5604,13204.0,77.9264,78.897,2028834.1837,68.3676,75.8163,75.0988,145194250.0,1.3048
603801.XSHG,2021-06-11,85.7127,8953.0,75.9007,78.6649,1193245.4082,70.1401,77.9475,75.7318,84582373.0,0.7674
603801.XSHG,2021-06-15,83.4971,9005.0,74.5924,75.7952,1082744.3878,68.3043,75.0566,73.6428,74943135.0,0.6964
603801.XSHG,2021-06-16,82.0622,9615.0,73.474,75.4997,1134137.2449,67.1437,74.1704,71.5327,77190912.0,0.7294
603801.XSHG,2021-06-17,80.8172,7391.0,75.9851,76.3227,976627.551,66.1308,73.875,73.4529,68264942.0,0.6281
603801.XSHG,2021-06-18,83.5815,11069.0,73.1786,76.2594,1638314.7959,68.3887,75.6052,72.419,112059431.0,1.0537
603801.XSHG,2021-06-21,80.5007,15748.0,72.0814,74.3603,2099976.0204,65.8565,73.2208,70.6676,140107543.0,1.3506
603801.XSHG,2021-06-22,79.2979,14535.0,71.7437,74.3603,1616628.0612,64.8648,72.3557,71.0685,108689880.0,1.0397
603801.XSHG,2021-06-23,78.9181,16744.0,75.9429,77.1456,2493879.0816,64.5694,72.3768,71.5327,173161637.0,1.6039
603801.XSHG,2021-06-24,83.5393,10692.0,75.0988,76.597,1428558.1633,68.3465,75.964,73.6006,99370092.0,0.9188
603801.XSHG,2021-06-25,82.6108,11355.0,73.8539,76.9135,1420991.8367,67.5868,75.1199,73.3263,98371886.0,0.9139
603801.XSHG,2021-06-28,81.2392,11353.0,72.7144,74.2759,1318606.6327,66.4685,73.8539,72.0181,89304784.0,0.8481
603801.XSHG,2021-06-29,79.9943,17816.0,69.2116,72.841,2481050.0,65.4345,72.6089,68.8107,161140767.0,1.5957
603801.XSHG,2021-06-30,76.1328,13493.0,67.4391,69.0006,1638455.6122,62.2904,68.5575,66.363,102692207.0,1.0538
603801.XSHG,2021-07-01,74.1915,14950.0,69.085,69.2116,1956180.6122,60.6868,67.6501,65.54,122923638.0,1.2581
603801.XSHG,2021-07-02,75.9851,18293.0,67.1437,70.7942,2379592.8571,62.1849,69.4226,66.4685,151646915.0,1.5304
603801.XSHG,2021-07-05,73.8539,11175.0,68.9373,69.3804,1676795.4082,60.4336,67.8189,67.1015,106747201.0,1.0784
603801.XSHG,2021-07-06,75.8374,14659.0,66.8905,69.2749,2254735.2041,62.0372,68.8951,65.3923,139599669.0,1.4501
603801.XSHG,2021-07-07,73.5795,15213.0,68.8107,70.1823,2383402.0408,60.2014,66.4685,65.8354,153065166.0,1.5329
603801.XSHG,2021-07-08,75.6896,12478.0,66.6584,69.5492,1663851.0204,61.9317,69.507,66.4896,104105304.0,1.0701
603801.XSHG,2021-07-09,73.3263,8148.0,67.629,68.3254,1183934.1837,59.9904,65.8776,65.5822,73575105.0,0.7614
603801.XSHG,2021-07-12,74.4025,6753.0,67.2914,68.5786,960617.8571,60.8767,68.1566,66.7217,60270737.0,0.6178
603801.XSHG,2021-07-13,74.0227,10134.0,66.5951,67.5024,1633185.2041,60.5602,66.8905,65.2024,100274074.0,1.0504
603801.XSHG,2021-07-14,73.263,11308.0,65.7299,67.3125,1376244.898,59.9271,66.8483,65.5611,84929484.0,0.8851
603801.XSHG,2021-07-15,72.3135,20809.0,63.2189,66.3841,3103420.9184,59.1675,65.8143,61.8684,181980020.0,1.996
603801.XSHG,2021-07-16,69.5492,15336.0,63.1978,64.9492,1945913.2653,56.8886,63.3033,62.4171,115753840.0,1.2515
603801.XSHG,2021-07-19,69.5281,10729.0,61.6785,63.8308,1737770.9184,56.8886,63.5143,61.4253,100684036.0,1.1176
603801.XSHG,2021-07-20,67.84,11647.0,61.5097,62.5226,1520453.0612,55.517,62.2271,60.6657,86825210.0,0.9779
603801.XSHG,2021-07-21,67.6712,8885.0,61.5097,62.5437,1493698.9796,55.3693,61.6996,61.1932,85896683.0,0.9607
603801.XSHG,2021-07-22,67.6712,10955.0,59.8005,61.7207,1821015.3061,55.3693,61.4464,59.5895,101919389.0,1.1712
603801.XSHG,2021-07-23,65.7721,12360.0,59.1464,60.3069,1820622.9592,53.8289,60.1592,57.8381,99596549.0,1.1709
603801.XSHG,2021-07-26,65.0547,12925.0,56.762,58.9143,1867847.449,53.2381,58.9143,55.6014,98587766.0,1.2013
603801.XSHG,2021-07-27,62.4382,11832.0,55.6014,58.6189,1782805.6122,51.0858,56.973,55.6014,94510018.0,1.1466
603801.XSHG,2021-07-28,61.1721,14489.0,54.6307,56.2555,2282170.9184,50.0518,54.884,52.0142,115521548.0,1.4678
603801.XSHG,2021-07-29,60.0959,12134.0,54.4408,56.6565,2219119.898,49.1656,55.1794,53.3858,112737412.0,1.4272
603801.XSHG,2021-07-30,59.8849,18893.0,55.2427,56.1289,2427907.6531,48.9968,54.4408,53.1959,123753016.0,1.5615
603801.XSHG,2021-08-02,60.7712,25713.0,54.3142,54.7363,4685187.2449,49.7142,53.1748,51.5922,230389866.0,3.0133
603801.XSHG,2021-08-03,59.7372,20667.0,54.9262,57.1418,2566878.0612,48.8912,53.5124,53.4913,132820556.0,1.6509
603801.XSHG,2021-08-04,60.4124,19635.0,52.5417,55.4748,3074194.3878,49.4399,54.9051,52.4362,152023782.0,1.9772
603801.XSHG,2021-08-05,57.7959,18813.0,52.6261,53.7445,2560273.4694,47.2876,52.6261,51.1491,125220493.0,1.6466
603801.XSHG,2021-08-06,57.8803,13307.0,50.6848,53.3858,2011100.0,47.372,52.6472,50.2417,95243696.0,1.2934
603801.XSHG,2021-08-09,55.7491,20683.0,55.7491,55.7491,4210146.9388,45.6206,50.7059,50.7059,212889115.0,2.7078
603801.XSHG,2021-08-10,61.3198,30609.0,53.217,56.8464,4833339.7959,50.1784,56.361,52.9638,242171320.0,3.1086
603801.XSHG,2021-08-11,58.5345,24342.0,55.7069,57.4794,4394979.5918,47.8995,54.0188,53.2803,228274414.0,2.8266
603801.XSHG,2021-08-12,61.2776,23797.0,53.8289,58.1968,3572053.0612,50.1362,55.9812,53.7023,183008627.0,2.2974
603801.XSHG,2021-08-13,59.2097,11710.0,53.2381,54.3564,2164990.3061,48.4481,53.8078,52.3096,107116333.0,1.3924
603801.XSHG,2021-08-16,58.5556,13126.0,54.6518,55.2638,2114844.898,47.9206,53.1748,52.3518,107055469.0,1.3602
603801.XSHG,2021-08-17,60.117,15167.0,53.7234,55.8546,2570603.5714,49.1867,54.6941,53.1326,130248520.0,1.6533
603801.XSHG,2021-08-18,59.1042,12069.0,52.8161,53.9977,1796532.6531,48.3426,53.9344,51.8243,87597028.0,1.1554
603801.XSHG,2021-08-19,58.0913,8893.0,52.1619,53.2592,1491317.8571,47.5408,52.7528,51.5711,72390707.0,0.9591
603801.XSHG,2021-08-20,57.3739,13327.0,50.6215,52.5839,1794386.2245,46.9499,52.3096,50.4105,85009016.0,1.1541
603801.XSHG,2021-08-23,55.6858,16507.0,54.4408,54.7152,2630570.4082,45.5573,51.3601,50.8748,130197405.0,1.6919
603801.XSHG,2021-08-24,59.8849,10105.0,53.4913,55.0739,1433570.4082,48.9968,54.4197,53.0904,71555628.0,0.922
603801.XSHG,2021-08-25,58.851,7361.0,53.6812,54.3775,1033183.1633,48.1527,53.6601,53.0482,51509102.0,0.6645
603801.XSHG,2021-08-26,59.0409,7714.0,51.8243,53.6812,1180533.6735,48.3215,53.6812,51.7399,57286045.0,0.7593
603801.XSHG,2021-08-27,57.0152,10579.0,51.2124,52.7105,1425468.8776,46.6334,51.6977,50.917,68271317.0,0.9168
603801.XSHG,2021-08-30,56.3399,14149.0,49.7353,51.972,2136004.0816,46.0848,51.972,49.1656,99275501.0,1.3738
603801.XSHG,2021-08-31,54.7152,23654.0,50.9381,52.2674,4236529.5918,44.7554,50.6426,47.6885,197015052.0,2.7247
603801.XSHG,2021-09-01,56.0234,18389.0,49.9674,51.3812,2782469.898,45.8527,50.917,49.0179,129370296.0,1.7895
603801.XSHG,2021-09-02,54.9684,10888.0,49.3133,50.4316,1731743.8776,44.9664,49.4821,48.9968,79623227.0,1.1138
603801.XSHG,2021-09-03,54.2509,9723.0,49.3133,49.7353,1524998.9796,44.3756,48.9968,48.427,69856742.0,0.9808
603801.XSHG,2021-09-06,54.2509,11949.0,50.9592,51.7399,2435440.3061,44.3756,49.2922,48.5747,114322279.0,1.5664
603801.XSHG,2021-09-07,56.0656,9523.0,52.5206,52.7105,1967623.4694,45.8738,51.0436,50.2206,94325358.0,1.2655
603801.XSHG,2021-09-08,57.7748,12042.0,52.6894,55.4537,2596544.3878,47.2665,52.4362,52.0775,129490141.0,1.67
603801.XSHG,2021-09-09,57.9647,8838.0,51.9509,52.8372,1620762.2449,47.4142,52.1408,51.4867,78114959.0,1.0424
603801.XSHG,2021-09-10,57.1418,5896.0,51.1702,52.3307,937408.1633,46.76,52.0353,50.8959,44709046.0,0.6029
603801.XSHG,2021-09-13,56.2977,5947.0,50.2839,51.3812,971911.7347,46.0637,51.1702,50.0096,45429323.0,0.6251
603801.XSHG,2021-09-14,55.306,6972.0,49.9674,50.8537,1209857.1429,45.2619,50.2839,49.5876,56238554.0,0.7781
603801.XSHG,2021-09-15,54.9684,9685.0,49.4399,50.3472,1622177.0408,44.9664,49.7564,48.1738,73977017.0,1.0433
603801.XSHG,2021-09-16,54.3775,8043.0,48.3637,49.883,1729548.4694,44.5022,49.461,47.8573,77857141.0,1.1124
603801.XSHG,2021-09-17,53.1959,6484.0,46.9288,48.4903,1399958.6735,43.5316,48.3426,46.8655,61723315.0,0.9004
603801.XSHG,2021-09-22,51.6133,10134.0,46.0637,47.0766,2781433.6735,42.2444,46.8444,44.7343,118823270.0,1.7889
603801.XSHG,2021-09-23,50.6637,12789.0,47.0555,48.7646,2424592.3469,41.4637,46.4646,46.0637,107747970.0,1.5594
603801.XSHG,2021-09-24,51.761,6617.0,46.2747,47.4353,1195796.4286,42.3499,47.0977,45.6417,51422588.0,0.7691
603801.XSHG,2021-09-27,50.8959,8482.0,46.4857,47.0555,1613020.4082,41.6536,46.2747,45.7683,69803293.0,1.0374
603801.XSHG,2021-09-28,51.128,15292.0,46.5068,47.3298,2640234.6939,41.8435,46.4224,45.5995,114249945.0,1.6981
603801.XSHG,2021-09-29,51.1491,12133.0,44.3334,46.4857,2166518.3673,41.8646,46.2747,44.2279,90311173.0,1.3934
603801.XSHG,2021-09-30,48.7646,11789.0,44.7765,46.1059,1576678.5714,39.9022,44.0169,44.0169,66111036.0,1.014
603801.XSHG,2021-10-08,49.25,14135.0,46.5279,46.8022,2099945.9184,40.3031,45.1564,44.5233,89821907.0,1.3506
603801.XSHG,2021-10-11,51.1913,10996.0,46.0637,46.8655,1495317.8571,41.8857,46.8655,45.9582,64184716.0,0.9617
603801.XSHG,2021-10-12,50.6637,14751.0,46.76,46.8866,1974382.6531,41.4637,45.7683,45.0508,84898154.0,1.2698
603801.XSHG,2021-10-13,51.4445,9064.0,46.0848,46.6334,1236604.0816,42.0756,46.6334,45.6206,52866248.0,0.7953
603801.XSHG,2021-10-14,50.6848,5545.0,45.8316,46.549,1011102.0408,41.4848,45.8949,45.6417,43212852.0,0.6503
603801.XSHG,2021-10-15,50.4105,9863.0,45.2408,46.1903,1334453.0612,41.2527,46.1903,45.0719,56330591.0,0.8583
603801.XSHG,2021-10-18,49.7564,6793.0,45.5362,45.8316,1012780.102,40.7251,45.4307,44.3967,42282769.0,0.6502
603801.XSHG,2021-10-19,50.094,11368.0,46.6967,46.9499,1643523.9796,40.9783,45.3463,45.3463,70866256.0,1.0552
603801.XSHG,2021-10-20,51.3601,12544.0,44.9664,47.0555,1733747.449,42.0334,46.6967,44.8398,73657010.0,1.1131
603801.XSHG,2021-10-21,49.461,6533.0,45.2619,45.7472,1051702.0408,40.4719,45.0297,44.6921,44166852.0,0.6752
603801.XSHG,2021-10-22,49.7986,21364.0,49.0179,49.5454,4507439.7959,40.7462,45.1564,44.7343,203090742.0,2.8938
603801.XSHG,2021-10-25,53.9133,20116.0,46.971,48.7857,3503603.5714,44.1224,48.7857,45.9582,152913431.0,2.2493
603801.XSHG,2021-10-26,51.6766,11754.0,46.2536,48.1105,2113755.102,42.2655,46.0848,46.0004,92072122.0,1.357
603801.XSHG,2021-10-27,50.8748,16029.0,44.1857,46.6334,2682383.1633,41.6325,46.2536,43.6793,110865183.0,1.7221
603801.XSHG,2021-10-28,48.5958,9371.0,42.6664,44.3123,1727068.3673,39.7756,44.2279,42.3499,68745454.0,1.0972
603801.XSHG,2021-10-29,46.9288,8804.0,41.5903,42.6875,2231405.102,38.404,42.6664,41.4848,86763549.0,1.4175
603801.XSHG,2021-11-01,45.7472,6477.0,42.0967,42.7508,1350130.6122,37.4334,41.6958,41.1471,52940262.0,0.8577
603801.XSHG,2021-11-02,46.3169,8752.0,40.8517,42.8352,1852959.1837,37.8976,42.2866,40.6829,71561362.0,1.1771
603801.XSHG,2021-11-03,44.9453,6261.0,41.6536,41.738,1120077.0408,36.7581,40.7251,40.704,42998241.0,0.7116
603801.XSHG,2021-11-04,45.8105,8491.0,42.7508,43.3417,1744172.9592,37.4967,41.9701,41.2527,68926140.0,1.108
603801.XSHG,2021-11-05,47.0344,6409.0,42.7508,43.4261,1130932.6531,38.4673,42.7719,42.4554,45098053.0,0.7184
603801.XSHG,2021-11-08,47.0344,4617.0,42.4132,43.0673,773991.3265,38.4673,42.1811,42.16,30513671.0,0.4917
603801.XSHG,2021-11-09,46.6545,4021.0,42.1178,42.8352,898860.2041,38.1719,42.2022,42.0967,35353615.0,0.571
603801.XSHG,2021-11-10,46.338,5079.0,42.371,42.6242,1142624.4898,37.8976,42.5609,41.3371,44434567.0,0.7259
603801.XSHG,2021-11-11,46.6123,21262.0,45.6839,46.2114,4845856.1224,38.1297,42.2233,42.1178,203622325.0,3.0784
603801.XSHG,2021-11-12,50.2628,19397.0,47.2032,47.372,3371042.3469,41.126,45.5362,44.9031,145383084.0,2.1415
603801.XSHG,2021-11-15,51.9298,14918.0,48.5536,49.039,2552138.2653,42.4765,47.1821,46.8444,114366674.0,1.6213
603801.XSHG,2021-11-16,53.4069,11851.0,48.4481,49.1656,1741831.6327,43.7004,48.5325,47.7518,78562473.0,1.1065
603801.XSHG,2021-11-17,53.3014,10002.0,48.005,48.4059,1734379.0816,43.5949,48.3004,47.5619,77135468.0,1.1018
603801.XSHG,2021-11-18,52.8161,9957.0,46.2114,48.2793,1496220.4082,43.2151,47.8573,46.0637,64942999.0,0.9505
603801.XSHG,2021-11-19,50.8325,13327.0,46.9921,47.4775,2268653.5714,41.5903,46.2114,45.1564,97560494.0,1.4412
603801.XSHG,2021-11-22,51.6977,7903.0,46.2325,47.6674,1429980.6122,42.2866,46.9499,46.0004,61669052.0,0.9084
603801.XSHG,2021-11-23,50.8537,8010.0,46.76,47.2665,1045902.551,41.6114,46.1481,45.8105,45307624.0,0.6644
603801.XSHG,2021-11-24,51.4445,13519.0,48.1105,49.0812,2421050.0,42.0756,46.4857,46.127,107712919.0,1.538
603801.XSHG,2021-11-25,52.9216,4895.0,47.4775,48.5114,890838.2653,43.2995,47.9417,47.161,39360260.0,0.5659
603801.XSHG,2021-11-26,52.2252,5811.0,46.76,47.9839,968489.7959,42.7297,47.372,46.7389,42560796.0,0.6153
603801.XSHG,2021-11-29,51.4445,7241.0,45.8527,46.8444,1082631.1224,42.0756,46.4224,45.0508,46319720.0,0.6878
603801.XSHG,2021-11-30,50.4316,7170.0,45.916,47.4353,1429222.449,41.2738,45.8527,45.3041,61377261.0,0.9079
603801.XSHG,2021-12-01,50.516,8368.0,46.3802,47.6885,1424005.6122,41.316,46.1692,45.9371,61776001.0,0.9046
603801.XSHG,2021-12-02,51.0225,7817.0,45.1142,46.4646,1310632.1429,41.738,46.127,45.1142,55485670.0,0.8326
603801.XSHG,2021-12-03,49.6298,7127.0,44.2068,45.5362,1569986.2245,40.5985,44.9453,43.9747,64663626.0,0.9974
603801.XSHG,2021-12-06,48.638,23275.0,45.6417,48.1105,4302816.8367,39.7967,44.8609,44.8609,185333881.0,2.7335
603801.XSHG,2021-12-07,50.1995,8037.0,50.1995,50.1995,3175071.4286,41.0838,47.6885,47.4775,146613237.0,2.017
603801.XSHG,2021-12-08,55.2216,58870.0,54.1243,55.2216,16809764.2857,45.1775,52.2463,49.883,830906649.0,10.6788
603801.XSHG,2021-12-09,59.5473,48572.0,58.028,59.0409,12887378.5714,48.7224,54.6518,54.1243,683716003.0,8.187
603801.XSHG,2021-12-10,63.8308,45921.0,57.2051,58.3656,8068036.2245,52.2252,56.572,55.306,428126141.0,5.1254
603801.XSHG,2021-12-13,62.9235,49518.0,57.7115,60.6235,7252375.0,51.4867,57.2051,55.7913,395805363.0,4.6072
603801.XSHG,2021-12-14,63.4932,40189.0,55.9179,57.7115,6069657.1429,51.9509,57.7115,54.7152,313965608.0,3.8559
603801.XSHG,2021-12-15,61.5097,30329.0,56.0234,56.361,4510567.3469,50.3261,55.8124,54.5041,232964486.0,2.8654
603801.XSHG,2021-12-16,61.6363,21523.0,57.2473,58.5556,3323628.5714,50.4316,56.3399,55.4959,176020329.0,2.1114
603801.XSHG,2021-12-17,62.9657,26809.0,57.8592,59.0198,3801342.3469,51.5289,57.2473,55.4537,202133403.0,2.4149
603801.XSHG,2021-12-20,63.6409,19109.0,56.5087,58.7244,2486542.3469,52.0775,57.0363,56.15,131788220.0,1.5796
603801.XSHG,2021-12-21,62.1638,27365.0,60.9611,61.8895,4751097.9592,50.8537,56.5298,56.1711,264428515.0,3.0182
603801.XSHG,2021-12-22,67.0593,23517.0,59.9693,61.6152,4226565.3061,54.8629,61.1932,58.7033,234585817.0,2.685
603801.XSHG,2021-12-23,65.962,19277.0,59.6106,60.1592,3030621.4286,53.9766,59.9693,58.2601,166532722.0,1.9253
603801.XSHG,2021-12-24,65.5822,16755.0,60.9611,61.5097,2607803.0612,53.6601,59.5051,58.3445,146408642.0,1.6567
603801.XSHG,2021-12-27,67.0593,24045.0,67.0593,67.0593,5341121.9388,54.8629,60.9611,60.7712,323318917.0,3.3931
603801.XSHG,2021-12-28,73.7694,26892.0,66.363,67.418,5363959.6939,60.3491,66.6795,64.3584,328117458.0,3.4076
603801.XSHG,2021-12-29,73.0098,17069.0,65.962,67.629,2435277.0408,59.7372,66.0042,64.3584,148528844.0,1.5471
603801.XSHG,2021-12-30,72.5667,23228.0,65.2024,66.6795,3341692.8571,59.3574,65.329,63.0923,200870963.0,2.1229
603801.XSHG,2021-12-31,71.7226,18594.0,64.1895,66.4685,3170126.0204,58.6822,64.4428,63.3666,190226124.0,2.0139
603801.XSHG,2022-01-04,70.6043,31919.0,59.3785,65.1391,5555080.102,57.7748,64.3795,58.5134,314167469.0,3.529
603801.XSHG,2022-01-05,65.3079,34358.0,60.0959,60.4758,6199235.2041,53.4491,59.3785,56.0234,335969104.0,3.9382
603801.XSHG,2022-01-06,66.1097,26415.0,64.1473,64.7804,5119888.2653,54.0821,58.8299,57.7326,298550040.0,3.2525
603801.XSHG,2022-01-07,70.5621,27665.0,65.4134,68.3254,4381774.4898,57.7326,63.873,62.6281,269288335.0,2.7836
603801.XSHG,2022-01-10,71.9548,20051.0,66.3208,66.6373,2442892.8571,58.8721,64.9914,63.5143,148838872.0,1.5519
603801.XSHG,2022-01-11,72.9465,19573.0,64.5694,67.7345,2494597.449,59.695,65.7721,64.3584,152669016.0,1.5847
603801.XSHG,2022-01-12,71.0263,24789.0,64.8437,65.8143,3504775.5102,58.1124,64.7382,61.8262,207262869.0,2.2265
603801.XSHG,2022-01-13,71.3217,26349.0,58.3867,65.2024,4030492.8571,58.3656,64.5694,58.3656,226687741.0,2.5605
603801.XSHG,2022-01-14,64.2317,28713.0,57.7748,59.8638,3600285.7143,52.5417,58.2601,57.1418,195352007.0,2.2872
603801.XSHG,2022-01-17,63.5565,32283.0,56.7409,59.2941,4380780.102,51.9931,57.9647,56.1078,232741489.0,2.783
603801.XSHG,2022-01-18,62.4171,28764.0,59.8427,60.3069,3784993.3673,51.0647,56.5932,55.4959,206037610.0,2.4045
603801.XSHG,2022-01-19,65.8354,20953.0,61.0244,62.818,3100533.1633,53.85,59.0831,59.0831,176378498.0,1.9697
603801.XSHG,2022-01-20,67.1226,21852.0,60.5602,62.8391,3072051.5306,54.9262,61.0033,60.2014,175466432.0,1.9516
603801.XSHG,2022-01-21,66.6162,18973.0,58.3445,60.3913,2116505.102,54.5041,60.1803,57.817,115290373.0,1.3446
603801.XSHG,2022-01-24,64.1895,11700.0,59.0831,59.3996,1679515.8163,52.5206,58.851,57.8592,91526537.0,1.0669
603801.XSHG,2022-01-25,64.9914,23913.0,55.3271,59.2097,5017980.6122,53.1748,59.0831,55.3271,264643024.0,3.1878
603801.XSHG,2022-01-26,60.8556,22735.0,56.0656,57.7115,2292036.7347,49.7986,55.9179,55.0739,119619665.0,1.4561
603801.XSHG,2022-01-27,61.6785,12489.0,54.4408,56.6776,1481660.2041,50.4527,56.6354,54.2298,75686422.0,0.9413
603801.XSHG,2022-01-28,59.8849,11045.0,54.5463,55.8335,1622211.2245,48.9968,54.884,53.639,82348649.0,1.0305
603801.XSHG,2022-02-07,60.0115,12775.0,54.3353,55.0317,1860841.3265,49.1023,54.5463,53.3647,93779550.0,1.1821
603801.XSHG,2022-02-08,59.7794,20104.0,56.4243,57.7115,2940772.449,48.9123,54.3353,53.8078,153163155.0,1.8682
603801.XSHG,2022-02-09,62.0583,15692.0,54.9051,58.1546,2198460.2041,50.7903,56.7409,54.4408,113185146.0,1.3966
603801.XSHG,2022-02-10,60.3913,16962.0,54.8207,55.0317,2348452.551,49.4188,54.2298,52.795,117311959.0,1.4919
603801.XSHG,2022-02-11,60.3069,24163.0,58.45,60.0959,4170006.6327,49.3344,54.5252,54.4408,223024294.0,2.6491
603801.XSHG,2022-02-14,64.2951,16869.0,56.3399,57.8592,2243579.5918,52.605,57.7748,55.8335,118174748.0,1.4253
603801.XSHG,2022-02-15,61.9739,10412.0,56.6776,57.2895,1533552.0408,50.7059,56.5509,55.4959,80455844.0,0.9742
603801.XSHG,2022-02-16,62.3538,14504.0,60.0959,60.6235,2544600.0,51.0014,58.028,57.395,140526790.0,1.6165
603801.XSHG,2022-02-17,66.1097,22184.0,59.6739,60.3913,2549955.6122,54.0821,60.328,57.0785,139106930.0,1.6199
603801.XSHG,2022-02-18,65.6455,10730.0,59.5051,60.9611,1384152.551,53.7023,59.0831,58.7033,76741985.0,0.8793
603801.XSHG,2022-02-21,65.4556,9047.0,60.1381,60.3069,1385497.449,53.5546,59.5051,58.028,75971368.0,0.8802
603801.XSHG,2022-02-22,66.1519,9075.0,59.1886,60.3491,1069322.9592,54.1243,60.1381,58.45,58844040.0,0.6793
603801.XSHG,2022-02-23,65.118,6149.0,59.1253,59.4629,936385.2041,53.2803,59.0831,58.3867,51368506.0,0.5949
603801.XSHG,2022-02-24,65.0336,15014.0,60.4969,62.5648,2703475.0,53.217,58.8721,58.64,152735010.0,1.7174
603801.XSHG,2022-02-25,66.5529,9730.0,59.8005,61.6363,1378504.5918,54.4408,59.484,59.484,77827195.0,0.8757
603801.XSHG,2022-02-28,65.7721,9967.0,58.9776,59.7794,1822188.7755,53.8289,59.6317,57.5427,99526157.0,1.1576
603801.XSHG,2022-03-01,64.8859,8327.0,59.6106,60.0115,1599011.7347,53.0904,58.5556,58.2601,88388145.0,1.0158
603801.XSHG,2022-03-02,65.5822,4751.0,59.2519,59.6106,664362.7551,53.6601,59.3785,58.6611,36451917.0,0.4221
603801.XSHG,2022-03-03,65.1813,7713.0,59.273,59.9693,1369482.1429,53.3225,59.0198,58.5556,75322061.0,0.87
603801.XSHG,2022-03-04,65.2024,9836.0,59.2941,59.484,1429465.8163,53.3436,59.1886,57.395,77839102.0,0.9081
